"doc","cluster","TC","contrib","year","title","pubname"
"lourenco ib, 2020, j clean prod","c1",1,0.0907162935020832,2020,"A framework to support flood prevention and mitigation in the landscape and urban planning process regarding water dynamics","Journal Of Cleaner Production"
"aguilera ma, 2020, j environ manage","c1",1,0.0411690246548423,2020,"Loss of coastal ecosystem spatial connectivity and services by urbanization: natural-to-urban integration for bay management","Journal Of Environmental Management"
"palme m, 2020, energ buildings","c1",0,0.64137781425391,2020,"The shading effects of green infrastructure in private residential areas: building performance simulation to support urban planning","Energy And Buildings"
"lai s, 2020, tema","c1",0,0.0651726413349458,2020,"Land surface temperature and land cover dynamics. a study related to sardinia, italy","Tema-Journal Of Land Use Mobility And Environment"
"wang hf, 2020, forests","c1",0,0.219832333322495,2020,"Urban green corridors analysis for a rapid urbanization city exemplified in gaoyou city, jiangsu","Forests"
"liu s, 2020, sustainability-basel","c1",0,0.300347209329319,2020,"Effect of urbanization on ecosystem service values in the beijing-tianjin-hebei urban agglomeration of china from 2000 to 2014","Sustainability"
"wu lf, 2020, forests","c1",0,0.213732480881776,2020,"How are green spaces distributed among different social groups in urban china? A national level study","Forests"
"le bivic c, 2020, land use policy","c1",0,0.279853502404475,2020,"Scheduling urbanization in rural municipalities: local practices in land-use planning on the fringes of the paris region","Land Use Policy"
"rusterholz hp, 2020, urban for urban gree","c1",0,0.27985350240447,2020,"Plant-mycorrhiza association in urban forests: effects of the degree of urbanisation and forest size on the performance of sycamore (acer pseudoplatanus) saplings","Urban Forestry & Urban Greening"
"li by, 2020, j arid environ","c1",0,0.0411690246548424,2020,"Identifying the relationships among multiple ecosystem services","Journal Of Arid Environments"
"afionis s, 2020, front env sci-switz","c1",0,0.0411690246548433,2020,"Lack of cross-sector and cross-level policy coherence and consistency limits urban green infrastructure implementation in malawi","Frontiers In Environmental Science"
"xia jy, 2020, sustainability-basel","c1",0,0.041169024654843,2020,"Integrating spatial valuation of ecosystem services into protected area management: a case study of the cangshan nature reserve in dali, china","Sustainability"
"li zz, 2020, int j env res pub he","c1",0,0.0411690246548405,2020,"Analyzing land-use change scenarios for ecosystem services and their trade-offs in the ecological conservation area in beijing, china","International Journal Of Environmental Research And Public Health"
"bareuther m, 2020, remote sens-basel","c1",0,0.0411690246548426,2020,"Spatio-temporal dynamics of algae and macrophyte cover in urban lakes: a remote sensing analysis of bellandur and varthur wetlands in bengaluru, india","Remote Sensing"
"liang jy, 2020, comput environ urban","c1",0,0.0417192791466379,2020,"Modeling urban growth sustainability in the cloud by augmenting google earth engine (gee)","Computers Environment And Urban Systems"
"barker ca, 2020, int j plant sci","c1",0,0.122322680065805,2020,"Pollination services toimpatiens capensis(balsaminaceae) are maintained across an urbanization gradient","International Journal Of Plant Sciences"
"song y, 2021, land degrad dev","c1",1,0.0417192791466384,2021,"Comparison of changes in vegetation and land cover types between shenzhen and bangkok","Land Degradation & Development"
"rosini c, 2020, environ manage","c1",0,0.0411690246548424,2020,"A scoring matrix method for integrated evaluation of water-related ecosystem services provided by urban parks","Environmental Management"
"admasu wf, 2020, land-basel","c1",0,0.0411690246548415,2020,"Uncovering ecosystem services of expropriated land: the case of urban expansion in bahir dar, northwest ethiopia","Land"
"zhou sy, 2020, ecol indic","c1",1,0.0417192791466388,2020,"An ecosystem-based analysis of urban sustainability by integrating ecosystem service bundles and socio-economic-environmental conditions in china","Ecological Indicators"
"qiao yl, 2020, j coastal res","c1",0,0.0411690246548425,2020,"Assessment of the impact of a sea reclamation project in an emerging port city in tianjin","Journal Of Coastal Research"
"alberti m, 2020, bioscience","c1",3,0.122322680065805,2020,"The complexity of urban eco-evolutionary dynamics","Bioscience"
"zuo qt, 2020, sustainability-basel","c1",0,0.0411690246548425,2020,"Spatiotemporal evolution of land-use and ecosystem services valuation in the belt and road initiative","Sustainability"
"zhang k, 2020, ecol indic","c1",0,0.0439438634156299,2020,"Development models matter to the mutual growth of ecosystem services and household incomes in developing rural neighborhoods","Ecological Indicators"
"gret-regamey a, 2020, environ res lett","c1",1,0.0411690246548425,2020,"How urban densification influences ecosystem services-a comparison between a temperate and a tropical city","Environmental Research Letters"
"wang hf, 2020, remote sens-basel","c1",1,0.60897096947804,2020,"An integrated approach to study spatial patterns and drivers of land cover within urban functional units: a multi-city comparative study in china","Remote Sensing"
"han r, 2020, sci total environ","c1",3,0.0411690246548425,2020,"Spatial heterogeneous relationship between ecosystem services and human disturbances: a case study in chuandong, china","Science Of The Total Environment"
"spyra m, 2020, land use policy","c1",5,0.0973481275899987,2020,"Governance of ecosystem services trade-offs in peri-urban landscapes","Land Use Policy"
"rusciano v, 2020, sustainability-basel","c1",2,0.0439438634156299,2020,"Social and ecological high influential factors in community gardens innovation: an empirical survey in italy","Sustainability"
"shen js, 2020, ecosyst serv","c1",3,0.0973481275899987,2020,"Exploring the heterogeneity and nonlinearity of trade-offs and synergies among ecosystem services bundles in the beijing-tianjin-hebei urban agglomeration","Ecosystem Services"
"zhang zy, 2020, j clean prod","c1",4,0.0411690246548425,2020,"What factors affect the synergy and tradeoff between ecosystem services, and how, from a geospatial perspective?","Journal Of Cleaner Production"
"atak bk, 2020, environ monit assess","c1",0,0.0236222257739479,2020,"Monitoring the spatiotemporal changes in regional ecosystem health: a case study in izmir, turkey","Environmental Monitoring And Assessment"
"yang j, 2020, sci total environ","c1",6,0.0439438634156299,2020,"Spatial influence of ecological networks on land use intensity","Science Of The Total Environment"
"li zz, 2020, forests","c1",3,0.0411690246548425,2020,"Future impacts of land use change on ecosystem services under different scenarios in the ecological conservation area, beijing, china","Forests"
"gorissen mmj, 2020, sustainability-basel","c1",0,0.0439438634156299,2020,"Habitat banking and its challenges in a densely populated country: the case of the netherlands","Sustainability"
"wu s, 2020, sustainability-basel","c1",0,0.0411690246548425,2020,"What ecosystem services flowing from linpan system-a cultural landscape in chengdu plain, southwest china","Sustainability"
"helen, 2020, agriculture-basel","c1",0,0.0417192791466388,2020,"Ecosystem services provision from urban farms in a secondary city of myanmar, pyin oo lwin","Agriculture-Basel"
"zullo f, 2020, environ plan b-urban","c1",1,0.0907162935020828,2020,"The italian apennines between earthquakes, high naturalness and urban growth","Environment And Planning B-Urban Analytics And City Science"
"kabisch n, 2020, environ sci policy","c1",4,0.0411690246548425,2020,"Physical activity patterns in two differently characterised urban parks under conditions of summer heat","Environmental Science & Policy"
"soltanifard h, 2020, model earth syst env","c1",1,0.0178068897590845,2020,"Assessment and ranking of influencing factors in the relationship between spatial patterns of urban green spaces and socioeconomic indices in mashhad urban districts, iran","Modeling Earth Systems And Environment"
"krina a, 2020, remote sens-basel","c1",0,0.0178068897590845,2020,"Monitoring and projecting land use/land cover changes of eleven large deltaic areas in greece from 1945 onwards","Remote Sensing"
"amado m, 2020, sustainability-basel","c1",0,0.254525233764054,2020,"Using different levels of information in planning green infrastructure in luanda, angola","Sustainability"
"jayakaran ad, 2020, urban for urban gree","c1",1,0.254525233764054,2020,"Green infrastructure in western washington and oregon: perspectives from a regional summit","Urban Forestry & Urban Greening"
"freitas sr, 2020, urban ecosyst","c1",0,0.122322680065805,2020,"Spatial and temporal variation of potential resource availability provided by street trees in southeastern brazil","Urban Ecosystems"
"salomao rp, 2020, ecol entomol","c1",1,0.122322680065805,2020,"Negative effects of urbanisation on the physical condition of an endemic dung beetle from a neotropical hotspot","Ecological Entomology"
"trlica a, 2020, sci total environ","c1",4,0.0411690246548425,2020,"Current and future biomass carbon uptake in boston's urban forest","Science Of The Total Environment"
"medupin c, 2020, water-sui","c1",1,0.065172641334947,2020,"Land cover and water quality patterns in an urban river: a case study of river medlock, greater manchester, uk","Water"
"versini pa, 2020, urban for urban gree","c1",4,0.0411690246548425,2020,"Fractal analysis of green roof spatial implementation in european cities","Urban Forestry & Urban Greening"
"torabi n, 2020, cities","c1",0,0.254525233764054,2020,"Widening the lens: understanding urban parks as a network","Cities"
"cruz-sandoval m, 2020, sustainability-basel","c1",2,0.0411690246548425,2020,"Tree ecosystem services, for everyone? A compositional analysis approach to assess the distribution of urban trees as an indicator of environmental justice","Sustainability"
"shaker rr, 2020, sustainability-basel","c1",2,0.0907162935020828,2020,"Showcasing relationships between neighborhood design and wellbeing toronto indicators","Sustainability"
"li wb, 2020, int j env res pub he","c1",1,0.0411690246548425,2020,"Reclamation of cultivated land reserves in northeast china: indigenous ecological insecurity underlying national food security","International Journal Of Environmental Research And Public Health"
"baur jwr, 2020, urban ecosyst","c1",2,0.0411690246548425,2020,"A relationship between emotional connection to nature and attitudes about urban forest management","Urban Ecosystems"
"la rosa d, 2020, sustain cities soc","c1",9,0.0907162935020828,2020,"Planning for spatial equity - a performance based approach for sustainable urban drainage systems","Sustainable Cities And Society"
"sabyrbekov r, 2020, landscape urban plan","c1",3,0.254525233764054,2020,"Nature affinity and willingness to pay for urban green spaces in a developing country","Landscape And Urban Planning"
"kalfas dg, 2020, int j sust dev world","c1",2,0.0439438634156299,2020,"Estimating value of the ecosystem services in the urban and peri-urban green of a town florina-greece, using the cvm","International Journal Of Sustainable Development And World Ecology"
"trinder j, 2020, geo-spat inf sci","c1",4,0.0417192791466388,2020,"Assessing environmental impacts of urban growth using remote sensing","Geo-Spatial Information Science"
"somanje an, 2020, sustainability-basel","c1",7,0.0439438634156299,2020,"Challenges and potential solutions for sustainable urban-rural linkages in a ghanaian context","Sustainability"
"debelaya id, 2020, theor appl ecol","c1",0,0.840550044826369,2020,"Urban protected areas in green infrastructure of khabarovsk city","Theoretical And Applied Ecology"
"nieto cf, 2020, territorios","c1",0,0.065172641334947,2020,"Coverage transformations analysis of tibanica urban wetland, locality ofbosa, bogota d. c.","Territorios"
"sanchez-quinto a, 2020, biota neotrop","c1",1,0.0411690246548425,2020,"Development of a conceptual framework for the management of biodiversity and ecosystem services in the mexican caribbean","Biota Neotropica"
"irshadi ma, 2020, j environ sci manag","c1",0,0.300347209329317,2020,"Evaluation of anticipated performance index of tree species for air pollution mitigation in islamabad, pakistan","Journal Of Environmental Science And Management"
"xiao hb, 2020, pol j environ stud","c1",0,0.0411690246548425,2020,"Does the culture service supply of green spaces match the demand of residents in a new district? A perspective from china","Polish Journal Of Environmental Studies"
"fauzi am, 2020, int j built env sust","c1",0,0.213732480881793,2020,"Cultural practices generated by structural biodiversity of two urban forests in johor bahru, malaysia","International Journal Of Built Environment And Sustainability"
"pirmoradian f, 2020, int j ecosyst ecol s","c1",0,0.213732480881793,2020,"Investigation of socio-economic and environmental functions of urban green space","International Journal Of Ecosystems And Ecology Science-Ijees"
"courault r, 2020, sustainability-basel","c1",0,0.0411690246548425,2020,"Evolution of land cover and ecosystem services in the frame of pastoral functional categories: a case study in swedish lapland","Sustainability"
"da silva elp, 2020, rev tecnol soc","c1",0,0.122322680065805,2020,"The city and and its effects on ecosystem service of pollination by sts perspective","Revista Tecnologia E Sociedade"
"ridding le, 2020, landscape ecol","c1",5,0.525114328460401,2020,"Ongoing, but slowing, habitat loss in a rural landscape over 85 years","Landscape Ecology"
"huang qx, 2019, reg environ change","c1",2,0.0417192791466388,2019,"Impacts of urban expansion on wetland ecosystem services in the context of hosting the winter olympics: a scenario simulation in the guanting reservoir basin, china","Regional Environmental Change"
"chakraborty s, 2019, land-basel","c1",0,0.0411690246548425,2019,"Village level provisioning ecosystem services and their values to local communities in the peri-urban areas of manila, the philippines","Land"
"guo r, 2019, land-basel","c1",1,0.0411690246548425,2019,"Simulation of an urban-rural spatial structure on the basis of green infrastructure assessment: the case of harbin, china","Land"
"kovacs ek, 2019, geoforum","c1",2,0.279853502404471,2019,"A political ecology of water and small-town urbanisation across the lower himalayas","Geoforum"
"das m, 2019, j urban manag","c1",12,0.142729545062223,2019,"Dynamics of urbanization and its impact on urban ecosystem services (uess): a study of a medium size town of west bengal, eastern india","Journal Of Urban Management"
"kasanin-grubin m, 2019, j environ manage","c1",1,0.0411690246548425,2019,"Future environmental challenges of the urban protected area great war island (belgrade, serbia) based on valuation of the pollution status and ecosystem services","Journal Of Environmental Management"
"alexander j, 2019, landscape urban plan","c1",2,0.279853502404471,2019,"A multi-taxa functional diversity assessment of the effects of eco-estate development in the mixed land-use mosaic of the kwazulu-natal north coast, south africa","Landscape And Urban Planning"
"wang jx, 2019, j clean prod","c1",9,0.227169765333709,2019,"Spatial patterns of urban green infrastructure for equity: a novel exploration","Journal Of Cleaner Production"
"gu yy, 2019, sustainability-basel","c1",2,0.0411690246548425,2019,"Assessing the impacts of urban expansion on bundles of ecosystem services by dmsp-ols nighttime light data","Sustainability"
"li h, 2019, bmc ecol","c1",2,0.065172641334947,2019,"The luxury effect beyond cities: bats respond to socioeconomic variation across landscapes","Bmc Ecology"
"soga m, 2019, landscape urban plan","c1",2,1.79942682718624,2019,"Multiple landscape-management and social-policy approaches are essential to mitigate the extinction of experience","Landscape And Urban Planning"
"yang yj, 2019, ecol indic","c1",3,0.0411690246548425,2019,"The effects of different land use patterns on the microclimate and ecosystem services in the agro-pastoral ecotone of northern china","Ecological Indicators"
"zhou zx, 2019, ecol indic","c1",1,0.0411690246548425,2019,"Experimental research on trade-offs in ecosystem services: the agro-ecosystem functional spectrum","Ecological Indicators"
"zheng ww, 2019, j environ manage","c1",7,0.0411690246548425,2019,"Optimising land use allocation to balance ecosystem services and economic benefits - a case study in wuhan, china","Journal Of Environmental Management"
"ramos p, 2019, hum ecol","c1",0,0.0411690246548425,2019,"Surf as a driver for sustainable coastal preservation - an application of the contingent valuation method in portugal","Human Ecology"
"kuller m, 2019, sci total environ","c1",11,0.197419897822536,2019,"A planning-support tool for spatial suitability assessment of green urban stormwater infrastructure","Science Of The Total Environment"
"furberg d, 2019, remote sens-basel","c1",5,0.254525233764054,2019,"Monitoring of urbanization and analysis of environmental impact in stockholm with sentinel-2a and spot-5 multispectral data","Remote Sensing"
"wei f, 2019, sustainability-basel","c1",1,0.0411690246548425,2019,"Delineating urban growth boundaries with ecosystem service evaluation","Sustainability"
"li jy, 2019, peerj","c1",5,0.0411690246548425,2019,"Variations in ecosystem service value in response to land use/land cover changes in central asia from 1995-2035","Peerj"
"colleony a, 2019, sustainability-basel","c1",8,0.0411690246548425,2019,"Beyond assuming co-benefits in nature-based solutions: a human-centered approach to optimize social and ecological outcomes for advancing sustainable urban planning","Sustainability"
"garau c, 2019, sustainability-basel","c1",0,0.254525233764054,2019,"Smart city governance and children's agency: an assessment of the green infrastructure impact on children's activities in cagliari (italy) with the tool ""opportunities for children in urban spaces (ocus)""","Sustainability"
"wanghe ky, 2019, sustainability-basel","c1",2,0.0907162935020828,2019,"Assessment of urban green space based on bio-energy landscape connectivity: a case study on tongzhou district in beijing, china","Sustainability"
"oliveira e, 2019, land use policy","c1",5,0.39412008893647,2019,"Spatial planning instruments for cropland protection in western european countries","Land Use Policy"
"moutouama ft, 2019, j ethnobiol ethnomed","c1",3,0.0411690246548425,2019,"Factors shaping local people's perception of ecosystem services in the atacora chain of mountains, a biodiversity hotspot in northern benin","Journal Of Ethnobiology And Ethnomedicine"
"hanford jk, 2019, wetlands","c1",3,0.0411690246548425,2019,"Habitat traits associated with mosquito risk and aquatic diversity in urban wetlands","Wetlands"
"li c, 2019, isprs int j geo-inf","c1",1,0.0692745131686261,2019,"Investigating the spatiotemporally varying correlation between urban spatial patterns and ecosystem services: a case study of nansihu lake basin, china","Isprs International Journal Of Geo-Information"
"haberman d, 2019, environ res lett","c1",5,0.300347209329317,2019,"Ecosystem service bundles in global hinterlands","Environmental Research Letters"
"lv hl, 2019, urban ecosyst","c1",3,0.0178068897590845,2019,"Perimeter-area ratio effects of urbanization intensity on forest characteristics, landscape patterns and their associations in harbin city, northeast china","Urban Ecosystems"
"deng y, 2019, j environ manage","c1",11,0.0907162935020828,2019,"Urban growth simulation guided by ecological constraints in beijing city: methods and implications for spatial planning","Journal Of Environmental Management"
"sun w, 2019, ecol indic","c1",6,0.0205412403750845,2019,"Exploring the scale effects, trade-offs and driving forces of the mismatch of ecosystem services","Ecological Indicators"
"salomao rp, 2019, ecol indic","c1",6,0.0411690246548425,2019,"Urbanization effects on dung beetle assemblages in a tropical city","Ecological Indicators"
"schwaab j, 2020, j environ plann man","c1",1,0.0411690246548425,2020,"The difficulty of steering settlement development to reduce the loss of ecosystem services: an exploration of different development scenarios in switzerland using spatially explicit land-use models","Journal Of Environmental Planning And Management"
"yang yy, 2019, j clean prod","c1",20,0.0205412403750845,2019,"Mapping ecosystem services bundles to detect high- and low-value ecosystem services areas for land use management","Journal Of Cleaner Production"
"beissler mr, 2019, remote sens-basel","c1",3,0.38651326881924,2019,"A combined field and remote-sensing based methodology to assess the ecosystem service potential of urban rivers in developing countries","Remote Sensing"
"herrero-jauregui c, 2019, landscape ecol","c1",9,0.0178068897590845,2019,"Aligning landscape structure with ecosystem services along an urban-rural gradient. trade-offs and transitions towards cultural services","Landscape Ecology"
"chen fy, 2019, int j env res pub he","c1",5,0.0411690246548425,2019,"Evaluating ecosystem services supply and demand dynamics and ecological zoning management in wuhan, china","International Journal Of Environmental Research And Public Health"
"narducci j, 2019, land use policy","c1",9,0.194193146995503,2019,"Implications of urban growth and farmland loss for ecosystem services in the western united states","Land Use Policy"
"peng j, 2019, environ modell softw","c1",16,0.0907162935020828,2019,"Applying ant colony algorithm to identify ecological security patterns in megacities","Environmental Modelling & Software"
"fernandez ic, 2019, landscape urban plan","c1",2,0.655358704856016,2019,"The urban matrix matters: quantifying the effects of surrounding urban vegetation on natural habitat remnants in santiago de chile","Landscape And Urban Planning"
"kourdounouli c, 2020, j environ plann man","c1",3,0.197419897822536,2020,"Urban ecosystem conditions and ecosystem services - a comparison between large urban zones and city cores in the eu","Journal Of Environmental Planning And Management"
"lin q, 2019, sci total environ","c1",9,0.0411690246548425,2019,"Integrating long-term dynamics of ecosystem services into restoration and management of large shallow lakes","Science Of The Total Environment"
"ordonez c, 2019, landsc archit front","c1",1,0.254525233764054,2019,"Polycentric governance in nature-based solutions: insights from melbourne urban forest managers","Landscape Architecture Frontiers"
"dubova l, 2019, geoscape","c1",2,0.0411690246548425,2019,"Improving the quality of life in cities using community gardens: from benefits for members to benefits for all local residents","Geoscape"
"rey-mahia c, 2019, sustainability-basel","c1",3,0.0411690246548425,2019,"Evaluating the thermal performance of wet swales housing ground source heat pump elements through laboratory modelling","Sustainability"
"naylo a, 2019, j soil sediment","c1",7,0.0411690246548425,2019,"Trace and major element contents, microbial communities, and enzymatic activities of urban soils of marrakech city along an anthropization gradient","Journal Of Soils And Sediments"
"qiu l, 2019, int j env res pub he","c1",2,0.0411690246548425,2019,"Difference of airborne particulate matter concentration in urban space with different green coverage rates in baoji, china","International Journal Of Environmental Research And Public Health"
"wang c, 2019, phys chem earth","c1",7,0.0411690246548425,2019,"Variation in ecosystem services with rapid urbanization: a study of carbon sequestration in the beijing-tianjin-hebei region, china","Physics And Chemistry Of The Earth"
"balbi s, 2019, environ res lett","c1",4,0.0439438634156299,2019,"Human dependence on natural resources in rapidly urbanising south african regions","Environmental Research Letters"
"guenat s, 2019, ecosyst serv","c1",3,0.38651326881924,2019,"Untangling the motivations of different stakeholders for urban greenspace conservation in sub-saharan africa","Ecosystem Services"
"belcher rn, 2019, urban ecosyst","c1",2,0.410149980075242,2019,"Vegetation on and around large-scale buildings positively influences native tropical bird abundance and bird species richness","Urban Ecosystems"
"rae m, 2019, ecol indic","c1",3,0.38651326881924,2019,"Evaluating the validity of a simple citizen science index for assessing the ecological status of urban drainage ponds","Ecological Indicators"
"ferreira lmr, 2019, ecosystems","c1",10,0.279853502404471,2019,"Impact of the urbanisation process in the availability of ecosystem services in a tropical ecotone area","Ecosystems"
"masini e, 2019, environ manage","c1",8,0.0907162935020828,2019,"Urban growth, land-use efficiency and local socioeconomic context: a comparative analysis of 417 metropolitan regions in europe","Environmental Management"
"iserhard ca, 2019, biodivers conserv","c1",8,0.122322680065805,2019,"How urbanization affects multiple dimensions of biodiversity in tropical butterfly assemblages","Biodiversity And Conservation"
"anderson ec, 2019, sci total environ","c1",7,0.0411690246548425,2019,"Assessing social and biophysical drivers of spontaneous plant diversity and structure in urban vacant lots","Science Of The Total Environment"
"chen ym, 2019, sci total environ","c1",26,0.0411690246548425,2019,"Tele-connecting china's future urban growth to impacts on ecosystem services under the shared socioeconomic pathways","Science Of The Total Environment"
"van der sluis t, 2019, landscape ecol","c1",7,0.0411690246548425,2019,"The impact of european landscape transitions on the provision of landscape services: an explorative study using six cases of rural land change","Landscape Ecology"
"sun fy, 2019, urban for urban gree","c1",12,0.0411690246548425,2019,"Mapping the social values for ecosystem services in urban green spaces: integrating a visitor-employed photography method into solves","Urban Forestry & Urban Greening"
"zhang zz, 2019, urban for urban gree","c1",30,0.254525233764054,2019,"Enhancing landscape connectivity through multifunctional green infrastructure corridor modeling and design","Urban Forestry & Urban Greening"
"huang l, 2019, sustainability-basel","c1",12,0.0411690246548425,2019,"Integrating geodesign with landscape sustainability science","Sustainability"
"wu zj, 2019, sustainability-basel","c1",5,0.066277442848624,2019,"Water bodies' cooling effects on urban land daytime surface temperature: ecosystem service reducing heat island effect","Sustainability"
"dobbs c, 2019, urban ecosyst","c1",17,0.691918017366939,2019,"Urban ecosystem services in latin america: mismatch between global concepts and regional realities?","Urban Ecosystems"
"ding xh, 2019, sustainability-basel","c1",3,0.0692745131686261,2019,"From environmental soundness to sustainable development: improving applicability of payment for ecosystem services scheme for diverting regional sustainability transition in developing countries","Sustainability"
"niedzwiecka-filipiak i, 2019, sustainability-basel","c1",12,0.451512004263007,2019,"The method of planning green infrastructure system with the use of landscape-functional units (method lafu) and its implementation in the wrocaw functional area (poland)","Sustainability"
"von haaren c, 2019, int rev spat plan su","c1",2,0.0411690246548425,2019,"Landscape planning in germany: not loved by all, but badly needed","International Review For Spatial Planning And Sustainable Development"
"tovar g, 2019, territorios","c1",0,0.300347209329317,2019,"Handling of avifauna as part of the management of urban trees in bogota, d. c.","Territorios"
"lu yj, 2019, ekoloji","c1",0,0.213732480881793,2019,"Potential habitats for introducing an endangered plant parrotia subaequalis into urban green spaces","Ekoloji"
"li yh, 2019, resour conserv recy","c1",5,0.0178068897590845,2019,"Bringing conservation priorities into urban growth simulation: an integrated model and applied case study of hangzhou, china","Resources Conservation And Recycling"
"pedersen e, 2019, sci total environ","c1",19,0.0907162935020828,2019,"Wetland areas' direct contributions to residents' well-being entitle them to high cultural ecosystem values","Science Of The Total Environment"
"peng j, 2018, sci total environ","c1",49,0.0411690246548425,2018,"Linking ecosystem services and circuit theory to identify ecological security patterns","Science Of The Total Environment"
"de santana ac, 2018, nativa","c1",0,0.0411690246548425,2018,"The importance of ecosystem services for economic development and social welfare in the population's perception: the case of the carajas national forest","Nativa"
"li y, 2018, sustainability-basel","c1",1,0.0178068897590845,2018,"Study of the spatiotemporal variation characteristics of forest landscape patterns in shanghai from 2004 to 2014 based on multisource remote sensing data","Sustainability"
"jaligot r, 2018, land use policy","c1",9,0.0411690246548425,2018,"Cultural ecosystem services provision in response to urbanization in cameroon","Land Use Policy"
"hernandez-moreno a, 2018, land use policy","c1",6,0.0178068897590845,2018,"The effects of urban expansion on green infrastructure along an extended latitudinal gradient (23 degrees s-45 degrees s) in chile over the last thirty years","Land Use Policy"
"cilliers ss, 2018, landscape urban plan","c1",6,0.38651326881924,2018,"Garden ecosystem services of sub-saharan africa and the role of health clinic gardens as social-ecological systems","Landscape And Urban Planning"
"cimon-morin j, 2018, landscape ecol","c1",5,0.0907162935020828,2018,"Setting conservation priorities in cities: approaches, targets and planning units adapted to wetland biodiversity and ecosystem services","Landscape Ecology"
"harmon tc, 2018, water-sui","c1",1,0.0411690246548425,2018,"Socioeconomic and environmental proxies for comparing freshwater ecosystem service threats across international sites: a diagnostic approach","Water"
"bissonnette jf, 2018, cities","c1",13,0.0907162935020828,2018,"Moving forward in implementing green infrastructures: stakeholder perceptions of opportunities and obstacles in a major north american metropolitan area","Cities"
"bendor tk, 2018, environ sci policy","c1",9,0.38651326881924,2018,"Ecosystem services and us stormwater planning: an approach for improving urban stormwater decisions","Environmental Science & Policy"
"zhao my, 2018, ecol econ","c1",18,0.0205412403750845,2018,"Mapping watershed-level ecosystem service bundles in the pearl river delta, china","Ecological Economics"
"amano t, 2018, ecol appl","c1",13,0.38651326881924,2018,"The importance of green spaces to public health: a multi-continental analysis","Ecological Applications"
"frey d, 2018, j appl ecol","c1",10,0.0411690246548425,2018,"Predation risk shaped by habitat and landscape complexity in urban environments","Journal Of Applied Ecology"
"yoshida y, 2018, sustain sci","c1",3,0.0439438634156299,2018,"Assessing local-scale inclusive wealth: a case study of sado island, japan","Sustainability Science"
"privitera r, 2018, sustainability-basel","c1",6,0.840550044826369,2018,"Reducing seismic vulnerability and energy demand of cities through green infrastructure","Sustainability"
"wendling la, 2018, front env sci-switz","c1",12,0.451512004263007,2018,"Benchmarking nature-based solution and smart city assessment schemes against the sustainable development goal indicator framework","Frontiers In Environmental Science"
"luder k, 2018, divers distrib","c1",12,0.300347209329317,2018,"Contrasting responses in community structure and phenology of migratory and non-migratory pollinators to urbanization","Diversity And Distributions"
"kuller m, 2018, landscape urban plan","c1",18,0.0907162935020828,2018,"What drives the location choice for water sensitive infrastructure in melbourne, australia?","Landscape And Urban Planning"
"haller a, 2018, eco mont","c1",3,0.0411690246548425,2018,"Urbanization and the advent of regional conservation: huancayo and the cordillera huaytapallana, peru","Eco Mont-Journal On Protected Mountain Areas Research"
"akinyemi fo, 2018, land use policy","c1",10,0.279853502404471,2018,"Analysis of land change in the dryland agricultural landscapes of eastern botswana","Land Use Policy"
"herrmann dl, 2018, p natl acad sci usa","c1",13,0.0411690246548425,2018,"Widespread loss of intermediate soil horizons in urban landscapes","Proceedings Of The National Academy Of Sciences Of The United States Of America"
"lee hk, 2018, environ sci eur","c1",3,0.065172641334947,2018,"Economic growth for ecological conversions: south korean case","Environmental Sciences Europe"
"muler ae, 2018, environ conserv","c1",2,0.0411690246548425,2018,"Ecological outcomes and popular perceptions of urban restored forests in rio de janeiro, brazil","Environmental Conservation"
"wang yt, 2018, resour conserv recy","c1",14,0.601517549509537,2018,"Managing urban ecological land as properties: conceptual model, public perceptions, and willingness to pay","Resources Conservation And Recycling"
"sivakoff fs, 2018, sustainability-basel","c1",16,0.254525233764054,2018,"Unique bee communities within vacant lots and urban farms result from variation in surrounding urbanization intensity","Sustainability"
"revelli r, 2018, urban ecosyst","c1",8,0.0411690246548425,2018,"Ecohydrological model for the quantification of ecosystem services provided by urban street trees","Urban Ecosystems"
"poljanec-boric s, 2018, tourism","c1",0,0.0411690246548425,2018,"Sense of place: perceptions of permanent and temporary residents in croatia","Tourism"
"liu c, 2018, habitat int","c1",12,0.0205412403750845,2018,"Spatial identification of land use multifunctionality at grid scale in farming-pastoral area: a case study of zhangjiakou city, china","Habitat International"
"sikuzani yu, 2018, trop conserv sci","c1",6,0.122322680065805,2018,"Changes in the spatial pattern and ecological functionalities of green spaces in lubumbashi (the democratic republic of congo) in relation with the degree of urbanization","Tropical Conservation Science"
"brown mi, 2018, appl geogr","c1",11,0.0411690246548425,2018,"Using remote sensing and traditional ecological knowledge (tek) to understand mangrove change on the maroochy river, queensland, australia","Applied Geography"
"morales-vasquez e, 2018, urban for urban gree","c1",0,0.0411690246548425,2018,"Urban park vegetation cover predicts the removal of human food waste by animals","Urban Forestry & Urban Greening"
"qu y, 2018, peerj","c1",4,0.142729545062223,2018,"Identifying conservation priorities and management strategies based on ecosystem services to improve urban sustainability in harbin, china","Peerj"
"schram-bijkerk d, 2018, sci total environ","c1",23,0.0411690246548425,2018,"Indicators to support healthy urban gardening in urban management","Science Of The Total Environment"
"lim vc, 2018, peerj","c1",2,0.279853502404471,2018,"Pollination implications of the diverse diet of tropical nectar-feeding bats roosting in an urban cave","Peerj"
"lowe ec, 2018, biodivers conserv","c1",9,0.279853502404471,2018,"Environmental drivers of spider community composition at multiple scales along an urban gradient","Biodiversity And Conservation"
"vizzari m, 2018, landscape urban plan","c1",14,0.0178068897590845,2018,"Urban-rural-natural gradient analysis with corine data: an application to the metropolitan france","Landscape And Urban Planning"
"pearse wd, 2018, ecosphere","c1",25,0.300347209329317,2018,"Homogenization of plant diversity, composition, and structure in north american urban yards","Ecosphere"
"haas j, 2018, ieee j-stars","c1",14,0.0236222257739479,2018,"Urban land cover and ecosystem service changes based on sentinel-2a msi and landsat tm data","Ieee Journal Of Selected Topics In Applied Earth Observations And Remote Sensing"
"dobbs c, 2018, ecol indic","c1",18,0.124498013626272,2018,"Exploring temporal dynamics of urban ecosystem services in latin america: the case of bogota (colombia) and santiago (chile)","Ecological Indicators"
"nikodinoska n, 2018, ecol model","c1",27,0.0411690246548425,2018,"Assessing, valuing and mapping ecosystem services at city level: the case of uppsala (sweden)","Ecological Modelling"
"wang cd, 2018, j clean prod","c1",29,0.126966975150838,2018,"Modeling and evaluating land-use/land-cover change for urban planning and sustainability: a case study of dongying city, china","Journal Of Cleaner Production"
"arnaiz-schmitz c, 2018, sci total environ","c1",24,0.0178068897590845,2018,"Identifying socio-ecological networks in rural-urban gradients: diagnosis of a changing cultural landscape","Science Of The Total Environment"
"nita mr, 2018, environ res","c1",15,0.254525233764054,2018,"Using local knowledge and sustainable transport to promote a greener city the case of bucharest, romania","Environmental Research"
"mayer-pinto m, 2018, environ res lett","c1",22,0.279853502404471,2018,"Functional and structural responses to marine urbanisation","Environmental Research Letters"
"johnson al, 2018, j appl ecol","c1",20,0.60897096947804,2018,"Land use history and seed dispersal drive divergent plant community assembly patterns in urban vacant lots","Journal Of Applied Ecology"
"richards dr, 2018, int j water resour d","c1",11,0.0411690246548425,2018,"Using water management infrastructure to address both flood risk and the urban heat island","International Journal Of Water Resources Development"
"wu l, 2018, j environ plann man","c1",1,0.0411690246548425,2018,"How multilateral financial institutions promote sustainable water infrastructure planning through economic appraisal: case studies from coastal cities of china","Journal Of Environmental Planning And Management"
"liebelt v, 2018, eur plan stud","c1",10,0.0411690246548425,2018,"Hedonic pricing analysis of the influence of urban green spaces onto residential prices: the case of leipzig, germany","European Planning Studies"
"peng j, 2017, sci total environ","c1",108,0.0411690246548425,2017,"Ecosystem services response to urbanization in metropolitan areas: thresholds identification","Science Of The Total Environment"
"de mola ul, 2017, forests","c1",3,0.213732480881793,2017,"On the use of hedonic price indices to understand ecosystem service provision from urban green space in five latin american megacities","Forests"
"sato m, 2017, urban for urban gree","c1",3,0.0411690246548425,2017,"Effect of different personal histories on valuation for forest ecosystem services in urban areas: a case study of mt. rokko, kobe, japan","Urban Forestry & Urban Greening"
"biasi r, 2017, agroforest syst","c1",14,0.0178068897590845,2017,"Towards sustainable rural landscapes? A multivariate analysis of the structure of traditional tree cropping systems along a human pressure gradient in a mediterranean region","Agroforestry Systems"
"canedoli c, 2017, forests","c1",4,0.0411690246548425,2017,"Temporal variation of ecological factors affecting bird species richness in urban and peri-urban forests in a changing environment: a case study from milan (northern italy)","Forests"
"schmitt-harsh m, 2017, j environ stud sci","c1",1,0.122322680065805,2017,"Engaging nonscience majors in urban ecology: recommendations for course design","Journal Of Environmental Studies And Sciences"
"collas l, 2017, j appl ecol","c1",12,0.675158847650039,2017,"Urban development, land sharing and land sparing: the importance of considering restoration","Journal Of Applied Ecology"
"mills jg, 2017, restor ecol","c1",36,0.0411690246548425,2017,"Urban habitat restoration provides a human health benefit through microbiome rewilding: the microbiome rewilding hypothesis","Restoration Ecology"
"li hl, 2017, ecol indic","c1",69,0.0178068897590845,2017,"Urbanization impact on landscape patterns in beijing city, china: a spatial heterogeneity perspective","Ecological Indicators"
"de la barrera f, 2017, ecol indic","c1",25,0.0907162935020828,2017,"Vegetation cover change in growing urban agglomerations in chile","Ecological Indicators"
"katti m, 2017, sustainability-basel","c1",1,0.0417192791466388,2017,"The influence of structural conditions and cultural inertia on water usage and landscape decision-making in a california metropolitan area","Sustainability"
"ustaoglu e, 2017, environ manage","c1",23,0.279853502404471,2017,"Determinants of urban expansion and agricultural land conversion in 25 eu countries","Environmental Management"
"izakovicova z, 2017, sustainability-basel","c1",26,0.522657811035464,2017,"Long-term land use changes driven by urbanisation and their environmental effects (example of trnava city, slovakia)","Sustainability"
"junsongduang a, 2017, econ bot","c1",6,0.0411690246548425,2017,"Diversity and traditional knowledge of textile dyeing plants in northeastern thailand","Economic Botany"
"jennings v, 2017, popul environ","c1",25,0.122322680065805,2017,"Emerging issues in urban ecology: implications for research, social justice, human health, and well-being","Population And Environment"
"lepczyk ca, 2017, bioscience","c1",123,0.0907162935020828,2017,"Biodiversity in the city: fundamental questions for understanding the ecology of urban green spaces for biodiversity conservation","Bioscience"
"wang w, 2017, ecol eng","c1",7,0.0411690246548425,2017,"Ecosystem service function evaluation: a case study of the yinchuan basin in china","Ecological Engineering"
"zhang d, 2017, ecol indic","c1",16,0.0178068897590845,2017,"Effects of urbanization intensity on forest structural-taxonomic attributes, landscape patterns and their associations in changchun, northeast china: implications for urban green infrastructure planning","Ecological Indicators"
"gret-regamey a, 2017, landscape urban plan","c1",61,0.0411690246548425,2017,"Integrating ecosystem services into spatial planning-a spatial decision support tool","Landscape And Urban Planning"
"dobbs c, 2017, sci total environ","c1",34,0.124498013626272,2017,"Assessing the drivers shaping global patterns of urban vegetation landscape structure","Science Of The Total Environment"
"haedo j, 2017, urban for urban gree","c1",8,0.122322680065805,2017,"Primary productivity in cities and their influence over subtropical bird assemblages","Urban Forestry & Urban Greening"
"momblanch a, 2017, environ modell softw","c1",10,0.0411690246548425,2017,"Improved modelling of the freshwater provisioning ecosystem service in water scarce river basins","Environmental Modelling & Software"
"anguluri r, 2017, urban for urban gree","c1",51,0.254525233764054,2017,"Role of green space in urban planning: outlook towards smart cities","Urban Forestry & Urban Greening"
"liehr s, 2017, sustainability-basel","c1",14,0.0411690246548425,2017,"How the social-ecological systems concept can guide transdisciplinary research and implementation: addressing water challenges in central northern namibia","Sustainability"
"medellin ra, 2017, biol conserv","c1",31,0.0411690246548425,2017,"Conservation relevance of bat caves for biodiversity and ecosystem services","Biological Conservation"
"guida-johnson b, 2017, river res appl","c1",9,0.0907162935020828,2017,"Effects of urban sprawl on riparian vegetation: is compact or dispersed urbanization better for biodiversity?","River Research And Applications"
"yu zl, 2017, sensors-basel","c1",7,0.213732480881793,2017,"Dynamics of hierarchical urban green space patches and implications for management policy","Sensors"
"dugan ha, 2017, p natl acad sci usa","c1",120,0.0411690246548425,2017,"Salting our freshwater lakes","Proceedings Of The National Academy Of Sciences Of The United States Of America"
"cai wb, 2017, j environ manage","c1",33,0.0411690246548425,2017,"Identifying hotspots and management of critical ecosystem services in rapidly urbanizing yangtze river delta region, china","Journal Of Environmental Management"
"herrmann dl, 2017, plant soil","c1",13,0.0411690246548425,2017,"Vacant urban lot soils and their potential to support ecosystem services","Plant And Soil"
"singh kk, 2017, urban ecosyst","c1",6,0.118324058290079,2017,"Assessing effect of dominant land-cover types and pattern on urban forest biomass estimated using lidar metrics","Urban Ecosystems"
"ciftcioglu gc, 2017, landscape ecol","c1",18,0.0411690246548425,2017,"Assessment of the relationship between ecosystem services and human wellbeing in the social-ecological landscapes of lefke region in north cyprus","Landscape Ecology"
"sikorska d, 2017, sustainability-basel","c1",16,0.0411690246548425,2017,"High biodiversity of green infrastructure does not contribute to recreational ecosystem services","Sustainability"
"chen hs, 2017, water-sui","c1",2,0.0411690246548425,2017,"Establishment and application of wetlands ecosystem services and sustainable ecological evaluation indicators","Water"
"dragos m, 2017, geogr pannonica","c1",1,0.279853502404471,2017,"Analysis of vegetation from satelite images correlated to the bird species presence and the state of health of the ecosystems of bucharest during the period from 1991 to 2006","Geographica Pannonica"
"pickard br, 2017, landscape ecol","c1",32,0.0973481275899987,2017,"Forecasts of urbanization scenarios reveal trade-offs between landscape change and ecosystem services","Landscape Ecology"
"you hy, 2017, land use policy","c1",24,0.0178068897590845,2017,"Agricultural landscape dynamics in response to economic transition: comparisons between different spatial planning zones in ningbo region, china","Land Use Policy"
"wong gkl, 2017, build environ","c1",7,0.213732480881793,2017,"Urban-microclimate effect on vector mosquito abundance of tropical green roofs","Building And Environment"
"hall dm, 2017, conserv biol","c1",149,0.300347209329317,2017,"The city as a refuge for insect pollinators","Conservation Biology"
"li yr, 2017, j clean prod","c1",64,0.065172641334947,2017,"Dynamic analysis of ecological environment combined with land cover and ndvi changes and implications for sustainable urban-rural development: the case of mu us sandy land, china","Journal Of Cleaner Production"
"drobnik t, 2017, j environ plann man","c1",5,0.0411690246548425,2017,"Coupling a settlement growth model with an agro-economic land allocation model for securing ecosystem services provision","Journal Of Environmental Planning And Management"
"gulcin d, 2017, fresen environ bull","c1",0,0.0236222257739479,2017,"The assessment of landscape fragmentation in an agricultural environment: degradation or contribution to ecosystem services?","Fresenius Environmental Bulletin"
"salata s, 2017, manag environ qual","c1",3,0.0411690246548425,2017,"Land take effects on airborne fluxes: a proposal for future research development","Management Of Environmental Quality"
"maino e, 2017, ri vista","c1",0,0.0411690246548425,2017,"Greeninurbs green infrastructure: solutions based on nature for sustainable and resilient cities","Ri Vista-Ricerche Per La Progettazione Del Paesaggio"
"adhikari s, 2017, turk j zool","c1",5,0.0411690246548425,2017,"Diversity of zooplankton in municipal wastewater-contaminated urban pond ecosystems of the lower gangetic plains","Turkish Journal Of Zoology"
"derkzen ml, 2017, ecol soc","c1",8,0.412939938503687,2017,"Shifts in ecosystem services in deprived urban areas: understanding people's responses and consequences for well-being","Ecology And Society"
"soga m, 2017, int j env res pub he","c1",33,1.2577887913207,2017,"Health benefits of urban allotment gardening: improved physical and psychological well-being and social integration","International Journal Of Environmental Research And Public Health"
"nunez-mir gc, 2017, j forest","c1",5,0.0411690246548425,2017,"An automated content analysis of forestry research: are socioecological challenges being addressed?","Journal Of Forestry"
"bodnaruk ew, 2017, landscape urban plan","c1",47,0.0411690246548425,2017,"Where to plant urban trees? A spatially explicit methodology to explore ecosystem service tradeoffs","Landscape And Urban Planning"
"rovai m, 2016, agriculture-basel","c1",8,0.0411690246548425,2016,"Combining multifunctionality and ecosystem services into a win-win solution. the case study of the serchio river basin (tuscany-italy)","Agriculture-Basel"
"pulighe g, 2016, ecosyst serv","c1",47,0.38651326881924,2016,"Insights and opportunities from mapping ecosystem services of urban green spaces and potentials in planning","Ecosystem Services"
"ghosh s, 2016, chemosphere","c1",11,0.0411690246548425,2016,"Soil organic carbon distribution in roadside soils of singapore","Chemosphere"
"shifflett sd, 2016, sci total environ","c1",7,0.0411690246548425,2016,"Coupling aquaculture with forest plantations for food, energy, and water resiliency","Science Of The Total Environment"
"liu mc, 2016, landsc archit front","c1",2,0.0411690246548425,2016,"The ecological security pattern of china's energy consumption based on carbon footprint","Landscape Architecture Frontiers"
"sing kw, 2016, genome","c1",8,0.0411690246548425,2016,"Diversity and human perceptions of bees (hymenoptera: apoidea) in southeast asian megacities","Genome"
"bak yl, 2016, int j built env sust","c1",1,0.0973481275899987,2016,"Conceptual framework of ecosystem services in landscape planning, malaysia","International Journal Of Built Environment And Sustainability"
"kowarik i, 2016, urban for urban gree","c1",45,0.122322680065805,2016,"Biodiversity functions of urban cemeteries: evidence from one of the largest jewish cemeteries in europe","Urban Forestry & Urban Greening"
"bai y, 2016, land use policy","c1",63,0.0411690246548425,2016,"New ecological redline policy (erp) to secure ecosystem services in china","Land Use Policy"
"figueiroa ac, 2016, desenvolv meio ambie","c1",4,0.0411690246548425,2016,"Where are we going to? An evaluation of florianopolis city master plan for the surroundings of carijos protected area","Desenvolvimento E Meio Ambiente"
"zhou zx, 2016, environ sci pollut r","c1",8,0.0411690246548425,2016,"Coupled urbanization and agricultural ecosystem services in guanzhong-tianshui economic zone","Environmental Science And Pollution Research"
"fattorini s, 2016, j insect conserv","c1",8,0.254525233764054,2016,"Role of urban green spaces for saproxylic beetle conservation: a case study of tenebrionids in rome, italy","Journal Of Insect Conservation"
"savvas w, 2016, landsc archit front","c1",1,0.254525233764054,2016,"Green infrastructure and urban biodiversity","Landscape Architecture Frontiers"
"gaertner m, 2016, landscape urban plan","c1",53,0.122322680065805,2016,"Managing invasive species in cities: a framework from cape town, south africa","Landscape And Urban Planning"
"baur jwr, 2016, urban for urban gree","c1",16,0.321923870441844,2016,"Public attitudes about urban forest ecosystem services management: a case study in oregon cities","Urban Forestry & Urban Greening"
"song j, 2016, isprs int geo-inf","c1",11,0.0439438634156299,2016,"Analyzing the impact of highways associated with farmland loss under rapid urbanization","Isprs International Journal Of Geo-Information"
"pinho p, 2016, environ res","c1",25,0.122322680065805,2016,"Evaluating green infrastructure in urban environments using a multi-taxa and functional diversity approach","Environmental Research"
"tayyebi a, 2016, sci total environ","c1",38,0.065172641334947,2016,"Increases in the climate change adaption effectiveness and availability of vegetation across a coastal to desert climate gradient inmetropolitan los angeles, ca, usa","Science Of The Total Environment"
"lerouge f, 2016, environ sci policy","c1",6,0.0411690246548425,2016,"Revisiting production and ecosystem services on the farm scale for evaluating land use alternatives","Environmental Science & Policy"
"larson kl, 2016, urban ecosyst","c1",47,0.142729545062223,2016,"Ecosystem services in managing residential landscapes: priorities, value dimensions, and cross-regional patterns","Urban Ecosystems"
"mcpherson sc, 2016, landscape urban plan","c1",18,0.279853502404471,2016,"Crowned eagle nest sites in an urban landscape: requirements of a large eagle in the durban metropolitan open space system","Landscape And Urban Planning"
"lategan l, 2016, town reg plan","c1",3,0.321923870441844,2016,"Considering urban green space and informal backyard rentals in south africa: disproving the compensation hypothesis","Town And Regional Planning"
"gao j, 2015, ecol model","c1",20,0.0411690246548425,2015,"Application of bmp to urban runoff control using sustain model: case study in an industrial area","Ecological Modelling"
"holt ar, 2015, ecosyst serv","c1",51,0.8566096296993,2015,"Understanding spatial patterns in the production of multiple urban ecosystem services","Ecosystem Services"
"fusaro l, 2015, rend lincei-sci fis","c1",5,0.0411690246548425,2015,"Researches in castelporziano test site: ecophysiological studies on mediterranean vegetation in a changing environment","Rendiconti Lincei-Scienze Fisiche E Naturali"
"soga m, 2015, landscape urban plan","c1",59,0.0411690246548425,2015,"Reducing the extinction of experience: association between urban form and recreational use of public greenspace","Landscape And Urban Planning"
"collier ca, 2015, j ethnobiol ethnomed","c1",8,0.0411690246548425,2015,"Integrated approach to the understanding of the degradation of an urban river: local perceptions, environmental parameters and geoprocessing","Journal Of Ethnobiology And Ethnomedicine"
"mouri g, 2015, environ sci policy","c1",6,0.065172641334947,2015,"Assessment of land cover relocation incorporating the effects of human activity in typical urban and rural catchments for the design of management policies","Environmental Science & Policy"
"unnikrishnan h, 2015, urban ecosyst","c1",18,0.0411690246548425,2015,"Privatizing the commons: impact on ecosystem services in bangalore's lakes","Urban Ecosystems"
"odunuga s, 2015, land-basel","c1",8,0.0411690246548425,2015,"Landcover change, land surface temperature, surface albedo and topography in the plateau region of north-central nigeria","Land"
"onur ac, 2015, habitat int","c1",9,0.0411690246548425,2015,"Ecosystem services based spatial planning decision making for adaptation to climate changes","Habitat International"
"ibes dc, 2015, landscape urban plan","c1",45,0.0417192791466388,2015,"A multi-dimensional classification and equity analysis of an urban park system: a novel methodology and case study application","Landscape And Urban Planning"
"rooney rc, 2015, water res","c1",16,0.0411690246548425,2015,"Replacing natural wetlands with stormwater management facilities: biophysical and perceived social values","Water Research"
"hu xs, 2015, sci total environ","c1",37,0.0411690246548425,2015,"Geographic variations of ecosystem service intensity in fuzhou city, china","Science Of The Total Environment"
"yang ly, 2015, landscape urban plan","c1",30,0.321923870441844,2015,"Water-related ecosystem services provided by urban green space: a case study in yixing city (china)","Landscape And Urban Planning"
"cubino jp, 2015, b asoc geogr esp","c1",1,0.122322680065805,2015,"Plant biodiversity and city: approaches from urban ecology","Boletin De La Asociacion De Geografos Espanoles"
"salazar a, 2015, eco mont","c1",5,0.0411690246548425,2015,"La campana-penuelas biosphere reserve in central chile: threats and challenges in a peri-urban transition zone","Eco Mont-Journal On Protected Mountain Areas Research"
"estoque rc, 2014, ambio","c1",31,0.0439438634156299,2014,"Measuring sustainability based upon various perspectives: a case study of a hill station in southeast asia","Ambio"
"mata l, 2014, j insect conserv","c1",10,0.122322680065805,2014,"Conserving insect assemblages in urban landscapes: accounting for species-specific responses and imperfect detection","Journal Of Insect Conservation"
"haas j, 2014, int j appl earth obs","c1",116,0.0236222257739479,2014,"Urban growth and environmental impacts in jing-jin-ji, the yangtze, river delta and the pearl river delta","International Journal Of Applied Earth Observation And Geoinformation"
"dallimer m, 2014, int j env res pub he","c1",30,0.964278738657594,2014,"What personal and environmental factors determine frequency of urban greenspace use?","International Journal Of Environmental Research And Public Health"
"curran-cournane f, 2014, land use policy","c1",12,0.39412008893647,2014,"Trade-offs between high class land and development: recent and future pressures on auckland's valuable soil resources","Land Use Policy"
"li f, 2014, ecol indic","c1",38,0.197419897822536,2014,"Assessing the changes in land use and ecosystem services in changzhou municipality, peoples' republic of china, 1991-2006","Ecological Indicators"
"martinico f, 2014, iforest","c1",11,0.197419897822536,2014,"Green oriented urban development for urban ecosystem services provision in a medium sized city in southern italy","Iforest-Biogeosciences And Forestry"
"shi pj, 2014, landscape urban plan","c1",22,0.549261753974772,2014,"Assessing urban environmental resources and services of shenzhen, china: a landscape-based approach for urban planning and sustainability","Landscape And Urban Planning"
"ahern j, 2014, landscape urban plan","c1",154,0.0411690246548425,2014,"The concept of ecosystem services in adaptive urban planning and design: a framework for supporting innovation","Landscape And Urban Planning"
"mosina gke, 2014, j ethnobiol ethnomed","c1",7,0.279853502404471,2014,"Comparative analysis of plant use in peri-urban domestic gardens of the limpopo province, south africa","Journal Of Ethnobiology And Ethnomedicine"
"shwartz a, 2014, biol conserv","c1",94,0.300347209329317,2014,"Enhancing urban biodiversity and its influence on city-dwellers: an experiment","Biological Conservation"
"bigsby km, 2014, ecosystems","c1",23,0.122322680065805,2014,"Urban morphology drives the homogenization of tree cover in baltimore, md, and raleigh, nc","Ecosystems"
"edmondson jl, 2014, sci total environ","c1",67,0.0411690246548425,2014,"Land-cover effects on soil organic carbon stocks in a european city","Science Of The Total Environment"
"kusuluoglu d, 2014, j environ prot ecol","c1",6,0.0411690246548425,2014,"Sustainability of urban fringes. case study of arnavutkoy, istanbul","Journal Of Environmental Protection And Ecology"
"plieninger t, 2014, ecol soc","c1",58,0.0411690246548425,2014,"Sustaining ecosystem services in cultural landscapes","Ecology And Society"
"ferrante m, 2014, eur j entomol","c1",24,0.39412008893647,2014,"Quantifying predation pressure along an urbanisation gradient in denmark using artificial caterpillars","European Journal Of Entomology"
"mcinnes rj, 2014, mar freshwater res","c1",9,1.74414482662171,2014,"Recognising wetland ecosystem services within urban case studies","Marine And Freshwater Research"
"qureshi s, 2013, urban ecosyst","c1",29,0.691918017366939,2013,"Differential community and the perception of urban green spaces and their contents in the megacity of karachi, pakistan","Urban Ecosystems"
"davies zg, 2013, environ pollut","c1",32,0.39412008893647,2013,"Identifying potential sources of variability between vegetation carbon storage estimates for urban areas","Environmental Pollution"
"cervelli ew, 2013, landscape urban plan","c1",15,0.122322680065805,2013,"Spontaneous urban vegetation and habitat heterogeneity in xi'an, china","Landscape And Urban Planning"
"gong cf, 2013, landscape urban plan","c1",69,0.0178068897590845,2013,"Determining socioeconomic drivers of urban forest fragmentation with historical remote sensing images","Landscape And Urban Planning"
"shwartz a, 2013, conserv biol","c1",16,0.300347209329317,2013,"Virtual garden computer program for use in exploring the elements of biodiversity people want in cities","Conservation Biology"
"standish rj, 2013, landscape ecol","c1",68,1.4787469334666,2013,"Improving city life: options for ecological restoration in urban landscapes and how these might influence interactions between people and nature","Landscape Ecology"
"pataki de, 2013, ecosphere","c1",30,0.300347209329317,2013,"A trait-based ecology of the los angeles urban forest","Ecosphere"
"xie yj, 2013, appl geogr","c1",12,0.0411690246548425,2013,"Exploring spatio-temporal variations of habitat loss and its causal factors in the shenzhen river cross-border watershed","Applied Geography"
"tobias s, 2013, integr environ asses","c1",17,0.0411690246548425,2013,"Preserving ecosystem services in urban regions: challenges for planning and best practice examples from switzerland","Integrated Environmental Assessment And Management"
"colding j, 2013, ecol econ","c1",169,0.0411690246548425,2013,"The potential of 'urban green commons' in the resilience building of cities","Ecological Economics"
"radford kg, 2013, landscape urban plan","c1",90,0.39412008893647,2013,"Changes in the value of ecosystem services along a rural-urban gradient: a case study of greater manchester, uk","Landscape And Urban Planning"
"stellmes m, 2013, land use policy","c1",71,0.0411690246548425,2013,"Mapping syndromes of land change in spain with remote sensing time series, demographic and climatic data","Land Use Policy"
"lyytimaki j, 2012, hum ecol rev","c1",10,0.0411690246548425,2012,"Indoor ecosystem services: bringing ecology and people together","Human Ecology Review"
"pauw a, 2012, ecol soc","c1",48,0.655358704856016,2012,"Urbanization drives a reduction in functional diversity in a guild of nectar-feeding birds","Ecology And Society"
"anderson pml, 2012, ecol soc","c1",19,0.0411690246548425,2012,"An ecological view of the history of the city of cape town","Ecology And Society"
"haase d, 2012, ecol soc","c1",155,0.0973481275899987,2012,"Synergies, trade-offs, and losses of ecosystem services in urban regions: an integrated multiscale framework applied to the leipzig-halle region, germany","Ecology And Society"
"holt ar, 2012, ecol soc","c1",25,0.0411690246548425,2012,"The network governance of urban river corridors","Ecology And Society"
"strohbach mw, 2012, landscape urban plan-a","c1",141,0.065172641334947,2012,"Above-ground carbon storage by urban trees in leipzig, germany: analysis of patterns in a european city","Landscape And Urban Planning"
"vandermeulen v, 2011, landscape urban plan","c1",106,0.641377814253921,2011,"The use of economic valuation to create public support for green infrastructure investments in urban areas","Landscape And Urban Planning"
"eigenbrod f, 2011, p roy soc b-biol sci","c1",137,0.122322680065805,2011,"The impact of projected increases in urbanization on ecosystem services","Proceedings Of The Royal Society B-Biological Sciences"
"maron pa, 2011, cr biol","c1",64,0.0411690246548425,2011,"Soil microbial diversity: methodological strategy, spatial overview and functional interest","Comptes Rendus Biologies"
"wardrop dh, 2011, ecol appl","c1",12,0.066277442848624,2011,"Wetland ecosystem services and coupled socioeconomic benefits through conservation practices in the appalachian region","Ecological Applications"
"dobbs c, 2011, landscape urban plan","c1",187,0.0411690246548425,2011,"A framework for developing urban forest ecosystem services and goods indicators","Landscape And Urban Planning"
"cui sh, 2011, int j sust dev world","c1",6,0.492015284086553,2011,"Increased challenges for world heritage protection as a result of urbanisation in lijiang city","International Journal Of Sustainable Development And World Ecology"
"young rf, 2011, j am plann assoc","c1",74,0.962411172882447,2011,"Planting the living city best practices in planning green infrastructure-results from major u.s. cities","Journal Of The American Planning Association"
"shackleton cm, 2011, s afr geogr j","c1",6,0.279853502404471,2011,"The next decade of environmental science in south africa: a horizon scan","South African Geographical Journal"
"ernstson h, 2010, ambio","c1",234,0.0411690246548425,2010,"Urban transitions: on urban resilience and human-dominated ecosystems","Ambio"
"kohsaka r, 2010, ecol res","c1",29,0.0411690246548425,2010,"Developing biodiversity indicators for cities: applying the dpsir model to nagoya and integrating social and ecological aspects","Ecological Research"
"isely es, 2010, j great lakes res","c1",11,0.38651326881924,2010,"Addressing the information gaps associated with valuing green infrastructure in west michigan: integrated valuation of ecosystem services tool (invest)","Journal Of Great Lakes Research"
"griffiths p, 2010, remote sens environ","c1",132,0.122322680065805,2010,"Mapping megacity growth with multi-sensor data","Remote Sensing Of Environment"
"wang sj, 2009, stoch env res risk a","c1",16,0.0439438634156299,2009,"The strategic ecological impact assessment of urban development policies: a case study of rizhao city, china","Stochastic Environmental Research And Risk Assessment"
"lu hf, 2009, j environ manage","c1",43,0.0411690246548425,2009,"Ecological and economic dynamics of the shunde agricultural system under china's small city development strategy","Journal Of Environmental Management"
"li f, 2008, int j sust dev world","c1",11,0.219832333322489,2008,"Comprehensive urban planning and management at multiple scales based on ecological principles: a case study in beijing, china","International Journal Of Sustainable Development And World Ecology"
"pavao-zuckerman ma, 2008, restor ecol","c1",86,0.122322680065805,2008,"The nature of urban soils and their role in ecological restoration in cities","Restoration Ecology"
"jim cy, 2008, landscape urban plan","c1",38,0.60897096947804,2008,"Pattern and divergence of tree communities in taipei's main urban green spaces","Landscape And Urban Planning"
"evrendilek f, 2003, j environ biol","c1",2,0.227169765333709,2003,"Identification of ecologically significant habitats for urban nature conservation: a case study in turkey.","Journal Of Environmental Biology"
"taylor l, 2020, front env sci-switz","c1c2",0,0.377761237809119,2020,"What visitors want from urban parks: diversity, utility, serendipity","Frontiers In Environmental Science"
"elliot t, 2020, j clean prod","c1c2",0,0.131134316543784,2020,"Impacts of policy on urban energy metabolism at tackling climate change: the case of lisbon","Journal Of Cleaner Production"
"lautz lk, 2020, environ res lett","c1c2",0,0.254854091957429,2020,"Legacy effects of cemeteries on groundwater quality and nitrate loads to a headwater stream","Environmental Research Letters"
"kendal d, 2020, environ res lett","c1c2",1,0.700081093490994,2020,"City-size bias in knowledge on the effects of urban nature on people and biodiversity","Environmental Research Letters"
"pan hy, 2020, energies","c1c2",0,0.0865775861363436,2020,"Emergy based decoupling analysis of ecosystem services on urbanization: a case of shanghai, china","Energies"
"hanif a, 2020, pak j agr sci","c1c2",0,0.352723985868482,2020,"Role of community for improvement of ecosystem services in urban parks","Pakistan Journal Of Agricultural Sciences"
"bassett r, 2020, environ res lett","c1c2",0,0.179395466428583,2020,"Urbanisation's contribution to climate warming in great britain","Environmental Research Letters"
"meng st, 2020, ecosyst serv","c1c2",0,0.00956843307674924,2020,"Matches and mismatches between the supply of and demand for cultural ecosystem services in rapidly urbanizing watersheds: a case study in the guanting reservoir basin, china","Ecosystem Services"
"tian yy, 2020, ecol indic","c1c2",2,0.0865775861363437,2020,"Conflict or coordination? Multiscale assessment of the spatio-temporal coupling relationship between urbanization and ecosystem services: the case of the jingjinji region, china","Ecological Indicators"
"grullon-penkova if, 2020, heliyon","c1c2",0,0.363765788729432,2020,"Green roofs in the tropics: design considerations and vegetation dynamics","Heliyon"
"plummer ke, 2020, j appl ecol","c1c2",0,0.483427115982198,2020,"Evaluating the potential for bird-habitat models to support biodiversity-friendly urban planning","Journal Of Applied Ecology"
"pasini r, 2020, nodo","c1c2",0,0.558524764360534,2020,"Nature, dwelling. a needed new balance","Nodo"
"pristeri g, 2020, sustainability-basel","c1c2",0,0.00521922958151242,2020,"Mapping and assessing soil sealing in padua municipality through biotope area factor index","Sustainability"
"zhang y, 2020, int j env res pub he","c1c2",0,0.0865775861363437,2020,"Exploring spatially non-stationary and scale-dependent responses of ecosystem services to urbanization in wuhan, china","International Journal Of Environmental Research And Public Health"
"li xy, 2020, sustainability-basel","c1c2",0,0.0865775861363437,2020,"Identifying urban flood regulation priority areas in beijing based on an ecosystem services approach","Sustainability"
"von der lippe m, 2020, sustainability-basel","c1c2",6,0.0483393636021491,2020,"Cityscapelab berlin: a research platform for untangling urbanization effects on biodiversity","Sustainability"
"hanford jk, 2020, j appl ecol","c1c2",0,0.0865775861363437,2020,"Management of urban wetlands for conservation can reduce aquatic biodiversity and increase mosquito risk","Journal Of Applied Ecology"
"tella jl, 2020, diversity-basel","c1c2",0,0.0865775861363437,2020,"Urban sprawl, food subsidies and power lines: an ecological trap for large frugivorous bats in sri lanka?","Diversity-Basel"
"li xx, 2020, sustainability-basel","c1c2",1,0.0865775861363437,2020,"Spatiotemporal changes in ecosystem services along a urban-rural-natural gradient: a case study of xi'an, china","Sustainability"
"spahr km, 2020, urban for urban gree","c1c2",1,0.0865775861363437,2020,"Greening up stormwater infrastructure: measuring vegetation to establish context and promote cobenefits in a diverse set of us cities","Urban Forestry & Urban Greening"
"pan x, 2020, sustainability-basel","c1c2",0,0.0865775861363437,2020,"Spatial-temporal interaction relationship between ecosystem services and urbanization of urban agglomerations in the transitional zone of three natural regions","Sustainability"
"tang yh, 2020, isprs int geo-inf","c1c2",1,0.0872395056566546,2020,"Urban ecological corridor network construction: an integration of the least cost path model and the invest model","Isprs International Journal Of Geo-Information"
"edlund f, 2020, probl ekorozw","c1c2",1,0.483427115982198,2020,"The function and perception of urban ecosystem services in the society","Problemy Ekorozwoju"
"wuyts k, 2020, fems microbiol ecol","c1c2",2,0.852651221417195,2020,"Green infrastructure and atmospheric pollution shape diversity and composition of phyllosphere bacterial communities in an urban landscape","Fems Microbiology Ecology"
"perron mac, 2020, biodivers conserv","c1c2",2,0.359452058922822,2020,"Stormwater ponds as habitat for odonata in urban areas: the importance of obligate wetland plant species","Biodiversity And Conservation"
"wei hx, 2019, forests","c1c2",3,0.0865775861363437,2019,"Facial expressions of visitors in forests along the urbanization gradient: what can we learn from selfies on social networking services?","Forests"
"sauter i, 2019, j mt sci-engl","c1c2",4,0.0703544950897919,2019,"Changes in demand and supply of ecosystem services under scenarios of future land use in vorarlberg, austria","Journal Of Mountain Science"
"peng l, 2019, j mt sci-engl","c1c2",1,0.0752502984682782,2019,"What is the relationship between ecosystem services and urbanization? A case study of the mountainous areas in southwest china","Journal Of Mountain Science"
"yang sq, 2019, j environ manage","c1c2",2,0.254854091957424,2019,"Socio-cultural valuation of rural and urban perception on ecosystem services and human well-being in yanhe watershed of china","Journal Of Environmental Management"
"weideman ea, 2020, landscape ecol","c1c2",1,0.257309956659377,2020,"Land cover change homogenizes functional and phylogenetic diversity within and among african savanna bird assemblages","Landscape Ecology"
"welti n, 2020, funct ecol","c1c2",0,0.0865775861363437,2020,"Carcass predictability but not domestic pet introduction affects functional response of scavenger assemblage in urbanized habitats","Functional Ecology"
"zambrano l, 2019, front env sci-switz","c1c2",0,0.37776123780908,2019,"The consequences of landscape fragmentation on socio-ecological patterns in a rapidly developing urban area: a case study of the national autonomous university of mexico","Frontiers In Environmental Science"
"van berkel d, 2019, land-basel","c1c2",2,0.0865775861363437,2019,"Projecting urbanization and landscape change at large scale using the futures model","Land"
"elliot t, 2019, ecol model","c1c2",2,0.37776123780908,2019,"Spatial optimisation of urban ecosystem services through integrated participatory and multi-objective integer linear programming","Ecological Modelling"
"kaczorowska a, 2019, int j e-plan res","c1c2",0,0.468948249316065,2019,"Modelling urban environments to promote ecosystem services and biodiversity: case of stockholm","International Journal Of E-Planning Research"
"brevik ec, 2019, eur j soil sci","c1c2",14,0.0865775861363437,2019,"Connecting the public with soil to improve human health","European Journal Of Soil Science"
"hosaka t, 2019, basic appl ecol","c1c2",0,0.588034059726468,2019,"Ant assemblages on littered food waste and food removal rates in urban-suburban parks of tokyo","Basic And Applied Ecology"
"wang jl, 2019, sci total environ","c1c2",50,0.209321058961613,2019,"A multiscale analysis of urbanization effects on ecosystem services supply in an urban megaregion","Science Of The Total Environment"
"li c, 2019, sustainability-basel","c1c2",0,0.0865775861363437,2019,"Relationships between ecosystem services and urbanization in jiangsu province, eastern china","Sustainability"
"mills jg, 2019, front microbiol","c1c2",17,0.254854091957424,2019,"Relating urban biodiversity to human health with the 'holobiont' concept","Frontiers In Microbiology"
"liu w, 2019, ecol indic","c1c2",46,0.0865775861363437,2019,"Impacts of urbanization-induced land-use changes on ecosystem services: a case study of the pearl river delta metropolitan region, china","Ecological Indicators"
"mascarenhas a, 2019, land use policy","c1c2",8,0.0865775861363437,2019,"Pathways of demographic and urban development and their effects on land take and ecosystem services: the case of lisbon metropolitan area, portugal","Land Use Policy"
"wang cd, 2019, ecol indic","c1c2",14,0.0865775861363437,2019,"Tracing the spatial variation and value change of ecosystem services in yellow river delta, china","Ecological Indicators"
"cacabelos e, 2019, aquat conserv","c1c2",1,0.37776123780908,2019,"Patchiness in habitat distribution can enhance biological diversity of coastal engineering structures","Aquatic Conservation-Marine And Freshwater Ecosystems"
"zhou dy, 2018, ecol indic","c1c2",43,0.0865775861363437,2018,"Spatio-temporal investigation of the interactive relationship between urbanization and ecosystem services: case study of the jingjinji urban agglomeration, china","Ecological Indicators"
"ducey mj, 2018, environ manage","c1c2",3,0.0371741657093112,2018,"The influence of human demography on land cover change in the great lakes states, usa","Environmental Management"
"kim hw, 2018, sustainability-basel","c1c2",1,0.0623935981300518,2018,"An evaluation of local comprehensive plans toward sustainable green infrastructure in us","Sustainability"
"zhang ys, 2018, sustainability-basel","c1c2",0,0.0865775861363437,2018,"Impacts of urbanization and associated factors on ecosystem services in the beijing-tianjin-hebei urban agglomeration, china: implications for land use policy","Sustainability"
"lee yc, 2018, ecol indic","c1c2",7,0.081651470059176,2018,"Spatial emergy analysis of agricultural landscape change: does fragmentation matter?","Ecological Indicators"
"zhang y, 2018, sci total environ","c1c2",52,0.0865775861363437,2018,"On the spatial relationship between ecosystem services and urbanization: a case study in wuhan, china","Science Of The Total Environment"
"hartel t, 2018, rangeland ecol manag","c1c2",11,0.131134316543794,2018,"Forum: social-ecological system archetypes for european rangelands","Rangeland Ecology & Management"
"bryan ba, 2018, ecosyst serv","c1c2",25,0.177475582402135,2018,"Land-use change impacts on ecosystem services value: incorporating the scarcity effects of supply and demand dynamics","Ecosystem Services"
"kong lq, 2018, sci total environ","c1c2",27,0.352723985868484,2018,"Evaluating indirect and direct effects of eco-restoration policy on soil conservation service in yangtze river basin","Science Of The Total Environment"
"garcia-nieto ap, 2018, ecol indic","c1c2",33,0.015472834469458,2018,"Impacts of urbanization around mediterranean cities: changes in ecosystem service supply","Ecological Indicators"
"sahani s, 2018, environ monit assess","c1c2",3,0.0865775861363437,2018,"Analyzing urban landscape with city biodiversity index for sustainable urban growth","Environmental Monitoring And Assessment"
"jenkins a, 2018, environ conserv","c1c2",3,0.37776123780908,2018,"My island home: place-based integration of conservation and public health in oceania","Environmental Conservation"
"yi h, 2018, sci total environ","c1c2",19,0.0623935981300518,2018,"Spatial and temporal changes in biodiversity and ecosystem services in the san antonio river basin, texas, from 1984 to 2010","Science Of The Total Environment"
"hara y, 2018, urban ecosyst","c1c2",2,0.0865775861363437,2018,"Dynamic wetland mosaic environments and asian openbill habitat creation in peri-urban bangkok","Urban Ecosystems"
"tao y, 2018, land use policy","c1c2",35,0.0865775861363437,2018,"A land-cover-based approach to assessing ecosystem services supply and demand dynamics in the rapidly urbanizing yangtze river delta region","Land Use Policy"
"atif sb, 2018, appl ecol env res","c1c2",2,0.188218204305466,2018,"The impacts of socio-economic factors on the perception of residents about urban vegetation: a comparative study of planned versus semi-planned cities of islamabad and rawalpindi, pakistan","Applied Ecology And Environmental Research"
"ye yq, 2018, ecoscience","c1c2",8,0.0865775861363437,2018,"Impacts of rapid urbanization on ecosystem services along urban-rural gradients: a case study of the guangzhou-foshan metropolitan area, south china","Ecoscience"
"atif sb, 2018, appl ecol env res-a","c1c2",6,0.0483393636021491,2018,"Identification of key-trends and evaluation of contemporary research regarding urban ecosystem services: a path towards socio-ecological sustainability of urban areas","Applied Ecology And Environmental Research"
"gao j, 2017, j clean prod","c1c2",54,0.0703544950897919,2017,"The impact of land-use change on water-related ecosystem services: a study of the guishui river basin, beijing, china","Journal Of Cleaner Production"
"li f, 2017, j clean prod","c1c2",54,0.352723985868484,2017,"Urban ecological infrastructure: an integrated network for ecosystem services and sustainable urban systems","Journal Of Cleaner Production"
"li bj, 2017, eur j soil biol","c1c2",3,0.0865775861363437,2017,"Quantifying and mapping threats to soil biodiversity in nanjing, china","European Journal Of Soil Biology"
"van ree ccdf, 2017, ecosyst serv","c1c2",8,0.352723985868484,2017,"Geosystem services: a hidden link in ecosystem management","Ecosystem Services"
"mundoli s, 2017, decision","c1c2",8,0.131134316543794,2017,"The ""sustainable'' in smart cities: ignoring the importance of urban ecosystems","Decision"
"brill g, 2017, ecol indic","c1c2",5,0.0703544950897919,2017,"Methodological and empirical considerations when assessing freshwater ecosystem service provision in a developing city context: making the best of what we have","Ecological Indicators"
"morgenroth j, 2017, appl geogr","c1c2",11,0.301297719313798,2017,"Redevelopment and the urban forest: a study of tree removal and retention during demolition activities","Applied Geography"
"fusco na, 2017, peerj","c1c2",0,0.0483393636021491,2017,"Urban forests sustain diverse carrion beetle assemblages in the new york city metropolitan area","Peerj"
"taylor jr, 2017, renew agr food syst","c1c2",15,0.573923845586039,2017,"Ecosystem services and tradeoffs in the home food gardens of african american, chinese-origin and mexican-origin households in chicago, il","Renewable Agriculture And Food Systems"
"mundoli s, 2017, int j urban sustain","c1c2",4,0.0865775861363437,2017,"Commons that provide: the importance of bengaluru's wooded groves for urban resilience","International Journal Of Urban Sustainable Development"
"li bj, 2016, ecol indic","c1c2",97,0.0948799999979167,2016,"Spatio-temporal assessment of urbanization impacts on ecosystem services: case study of nanjing city, china","Ecological Indicators"
"inger r, 2016, ecol evol","c1c2",21,0.254854091957424,2016,"Ecological role of vertebrate scavengers in urban ecosystems in the uk","Ecology And Evolution"
"grafius dr, 2016, landscape ecol","c1c2",59,0.254854091957424,2016,"The impact of land use/land cover scale on modelling urban ecosystem services","Landscape Ecology"
"allen cr, 2016, sustainability-basel","c1c2",9,0.0865775861363437,2016,"Avoiding decline: fostering resilience and sustainability in midsize cities","Sustainability"
"van ree ccdf, 2016, ecosyst serv","c1c2",17,0.352723985868484,2016,"Geosystem services: a concept in support of sustainable development of the subsurface","Ecosystem Services"
"melendez-ackerman ej, 2016, sustainability-basel","c1c2",4,0.131134316543794,2016,"Synthesis of household yard area dynamics in the city of san juan using multi-scalar social-ecological perspectives","Sustainability"
"dallimer m, 2016, ecol evol","c1c2",17,0.363351669883731,2016,"The extent of shifts in vegetation phenology between rural and urban areas within a human-dominated region","Ecology And Evolution"
"sitzia t, 2016, urban ecosyst","c1c2",12,0.199640139690955,2016,"Novel woodland patches in a small historical mediterranean city: padova, northern italy","Urban Ecosystems"
"capps ka, 2016, freshw sci","c1c2",49,0.254854091957424,2016,"Poverty, urbanization, and environmental degradation: urban streams in the developing world","Freshwater Science"
"leong m, 2016, global change biol","c1c2",31,0.298836690367867,2016,"Temporal dynamics influenced by global change: bee community phenology in urban, agricultural, and natural landscapes","Global Change Biology"
"wang hf, 2016, ecol indic","c1c2",17,0.0483393636021491,2016,"A multivariate analysis integrating ecological, socioeconomic and physical characteristics to investigate urban forest cover and plant diversity in beijing, china","Ecological Indicators"
"wu jj, 2016, int rev environ reso","c1c2",3,0.0865775861363437,2016,"How does urbanization affect the economy and the environment? Policy challenges and research needs","International Review Of Environmental And Resource Economics"
"morgenroth j, 2016, urban for urban gree","c1c2",39,0.359452058922822,2016,"Urban tree diversity-taking stock and looking ahead","Urban Forestry & Urban Greening"
"dennis m, 2016, urban for urban gree","c1c2",52,0.92386615709384,2016,"User participation in urban green commons: exploring the links between access, voluntarism, biodiversity and well being","Urban Forestry & Urban Greening"
"li f, 2015, ecol model","c1c2",56,0.0865775861363437,2015,"Evaluation of urban suitable ecological land based on the minimum cumulative resistance model: a case study from changzhou, china","Ecological Modelling"
"tao y, 2015, ecol model","c1c2",22,0.0865775861363437,2015,"Variation in ecosystem services across an urbanization gradient: a study of terrestrial carbon stocks from changzhou, china","Ecological Modelling"
"thiagarajah j, 2015, ambio","c1c2",48,0.0865775861363437,2015,"Historical and contemporary cultural ecosystem service values in the rapidly urbanizing city state of singapore","Ambio"
"qiu bk, 2015, ecol indic","c1c2",49,0.0865775861363437,2015,"Vulnerability of ecosystem services provisioning to urbanization: a case of china","Ecological Indicators"
"sallustio l, 2015, environ impact asses","c1c2",41,0.0865775861363437,2015,"Assessing land take by urban development and its impact on carbon storage: findings from two case studies in italy","Environmental Impact Assessment Review"
"blumstein m, 2015, j appl ecol","c1c2",44,0.0703544950897919,2015,"Land-use impacts on the quantity and configuration of ecosystem service provisioning in massachusetts, usa","Journal Of Applied Ecology"
"vollmer d, 2015, j am water resour as","c1c2",14,0.0865775861363437,2015,"Changing the course of rivers in an asian city: linking landscapes to human benefits through iterative modeling and design","Journal Of The American Water Resources Association"
"haas j, 2015, int j appl earth obs","c1c2",26,0.042030639038531,2015,"Satellite monitoring of urbanization and environmental impacts-a comparison of stockholm and shanghai","International Journal Of Applied Earth Observation And Geoinformation"
"donihue cm, 2015, ambio","c1c2",88,0.0865775861363437,2015,"Adaptive evolution in urban ecosystems","Ambio"
"natale e, 2015, int j environ res","c1c2",5,0.198064113902806,2015,"Assessment of the conservation status of natural and semi-natural patches associated with urban areas through habitat suitability indices","International Journal Of Environmental Research"
"soulsbury cd, 2015, wildlife res","c1c2",120,0.257309956659377,2015,"Human-wildlife interactions in urban areas: a review of conflicts, benefits and opportunities","Wildlife Research"
"xie gd, 2014, sustainability-basel","c1c2",8,0.0225106761137967,2014,"The outward extension of an ecological footprint in city expansion: the case of beijing","Sustainability"
"shwartz a, 2014, global environ chang","c1c2",74,0.655489426573659,2014,"Outstanding challenges for urban conservation research and action","Global Environmental Change-Human And Policy Dimensions"
"schewenius m, 2014, ambio","c1c2",45,0.0865775861363437,2014,"Opportunities for increasing resilience and sustainability of urban social-ecological systems: insights from the urbes and the cities and biodiversity outlook projects","Ambio"
"wu jg, 2014, landscape urban plan","c1c2",338,0.937202917399996,2014,"Urban ecology and sustainability: the state-of-the-science and future directions","Landscape And Urban Planning"
"niemela j, 2014, landscape urban plan","c1c2",61,0.209321058961613,2014,"Ecology of urban green spaces: the way forward in answering major research questions","Landscape And Urban Planning"
"layman ca, 2014, environ res lett","c1c2",23,0.0865775861363437,2014,"Provision of ecosystem services by human-made structures in a highly impacted estuary","Environmental Research Letters"
"diaz-porras df, 2014, ecol evol","c1c2",20,0.0865775861363437,2014,"110 years of change in urban tree stocks and associated carbon storage","Ecology And Evolution"
"cilliers s, 2013, urban ecosyst","c1c2",71,0.37776123780908,2013,"Ecosystem services of urban green spaces in african countries-perspectives and challenges","Urban Ecosystems"
"mortberg u, 2013, urban ecosyst","c1c2",24,0.37776123780908,2013,"Urban ecosystems and sustainable urban development-analysing and assessing interacting systems in the stockholm region","Urban Ecosystems"
"lin bb, 2013, j appl ecol","c1c2",82,0.37776123780908,2013,"Sharing or sparing? How should we grow the world's cities?","Journal Of Applied Ecology"
"wickham jd, 2013, divers distrib","c1c2",2,0.0865775861363437,2013,"Integrating biodiversity and drinking water protection goals through geographic analysis","Diversity And Distributions"
"mcphearson t, 2013, ecosyst serv","c1c2",78,0.254854091957424,2013,"Mapping ecosystem services in new york city: applying a social-ecological approach in urban vacant land","Ecosystem Services"
"gaston kj, 2013, j appl ecol","c1c2",76,0.852854949192336,2013,"Review: managing urban ecosystems for goods and services","Journal Of Applied Ecology"
"keune h, 2013, environ res lett","c1c2",16,0.558524764360534,2013,"Science-policy challenges for biodiversity, public health and urbanization: examples from belgium","Environmental Research Letters"
"chang q, 2013, chinese geogr sci","c1c2",9,0.0806113139737658,2013,"Spatial process of green infrastructure changes associated with rapid urbanization in shenzhen, china","Chinese Geographical Science"
"jansson a, 2013, ecol econ","c1c2",83,0.37776123780908,2013,"Reaching for a sustainable, resilient urban future using the lens of ecosystem services","Ecological Economics"
"davis ay, 2012, ecosphere","c1c2",25,0.700081093490992,2012,"Green infrastructure and bird diversity across an urban socioeconomic gradient","Ecosphere"
"dallimer m, 2011, biol letters","c1c2",99,0.209321058961613,2011,"Temporal changes in greenspace in a highly urbanized region","Biology Letters"
"edmondson jl, 2011, biol letters","c1c2",29,0.269523065831005,2011,"Are soils in urban ecosystems compacted? A citywide analysis","Biology Letters"
"dolan rw, 2011, j ecol","c1c2",47,0.700081093490992,2011,"Documenting effects of urbanization on flora using herbarium records","Journal Of Ecology"
"schirone b, 2011, landsc ecol eng","c1c2",24,0.37776123780908,2011,"Landscape ecology and urban biodiversity in tropical indonesian cities","Landscape And Ecological Engineering"
"dearborn dc, 2010, conserv biol","c1c2",292,0.0948799999979167,2010,"Motivations for conserving urban biodiversity","Conservation Biology"
"pongsiri mj, 2009, bioscience","c1c2",120,0.37776123780908,2009,"Biodiversity loss affects global disease ecology","Bioscience"
"sanford mp, 2009, conserv biol","c1c2",51,0.0865775861363437,2009,"Effects of urban development on ant communities: implications for ecosystem services and management","Conservation Biology"
"lyytimaki j, 2009, urban for urban gree","c1c2",222,0.0948799999979167,2009,"Hopping on one leg - the challenge of ecosystem disservices for urban green management","Urban Forestry & Urban Greening"
"carter t, 2008, environ manage","c1c2",104,0.209321058961613,2008,"Establishing green roof infrastructure through environmental policy instruments","Environmental Management"
"gibson ca, 2007, j am water resour as","c1c2",40,0.0865775861363437,2007,"Nutrient uptake in a large urban river","Journal Of The American Water Resources Association"
"cork sj, 2006, ecol soc","c1c2",9,0.0865775861363437,2006,"Synthesis of the storylines","Ecology And Society"
"hassell jm, 2021, global change biol","c1c2c3",0,0.135997592848088,2021,"Socio-ecological drivers of vertebrate biodiversity and human-animal interfaces across an urban landscape","Global Change Biology"
"zou zy, 2020, environ res lett","c1c2c3",0,0.101230991245011,2020,"Valuing natural capital amidst rapid urbanization: assessing the gross ecosystem product (gep) of china's 'chang-zhu-tan' megacity","Environmental Research Letters"
"engemann k, 2020, schizophrenia bull","c1c2c3",1,0.00659937531240391,2020,"Association between childhood green space, genetic liability, and the incidence of schizophrenia","Schizophrenia Bulletin"
"tang jx, 2020, glob ecol conserv","c1c2c3",3,0.141287722973914,2020,"Linking land-use change, landscape patterns, and ecosystem services in a coastal watershed of southeastern china","Global Ecology And Conservation"
"wang wj, 2020, sustainability-basel","c1c2c3",1,0.00185452487323326,2020,"Urbanization impacts on natural habitat and ecosystem services in the guangdong-hong kong-macao ""megacity""","Sustainability"
"xia h, 2020, j environ manage","c1c2c3",1,0.159329424466439,2020,"Assessment on china's urbanization after the implementation of main functional areas planning","Journal Of Environmental Management"
"ji zx, 2020, sustainability-basel","c1c2c3",3,0.0488875255108848,2020,"Identifying dynamic changes in ecosystem services supply and demand for urban sustainability: insights from a rapidly urbanizing city in central china","Sustainability"
"apfelbeck b, 2019, sustainability-basel","c1c2c3",3,0.100652354742288,2019,"A conceptual framework for choosing target species for wildlife-inclusive urban design","Sustainability"
"yang jm, 2019, sustainability-basel","c1c2c3",9,0.0150186921306719,2019,"Quantitative influence of land-use changes and urban expansion intensity on landscape pattern in qingdao, china: implications for urban sustainability","Sustainability"
"pham vm, 2019, appl geogr","c1c2c3",2,0.00659937531240382,2019,"Quantitative assessment of urbanization and impacts in the complex of hue monuments, vietnam","Applied Geography"
"potgieter lj, 2019, for ecosyst","c1c2c3",3,0.165301236215574,2019,"A fine-scale assessment of the ecosystem service-disservice dichotomy in the context of urban ecosystems affected by alien plant invasions","Forest Ecosystems"
"rimal b, 2019, ecosyst serv","c1c2c3",31,0.103000311504098,2019,"Effects of land use and land cover change on ecosystem services in the koshi river basin, eastern nepal","Ecosystem Services"
"lahoti s, 2019, sustainability-basel","c1c2c3",10,0.00392125718072434,2019,"Mapping methodology of public urban green spaces using gis: an example of nagpur city, india","Sustainability"
"zhai pm, 2019, chin sci b-chin","c1c2c3",6,0.120350225086028,2019,"Climate change and sustainable development for cities","Chinese Science Bulletin-Chinese"
"yuan yj, 2018, ecol indic","c1c2c3",18,0.169823214587293,2018,"Spatiotemporal interaction between ecosystem services and urbanization: case study of nanjing city, china","Ecological Indicators"
"robinson gm, 2018, sustainability-basel","c1c2c3",6,0.101230991245011,2018,"Transforming the peri-urban fringe in china: the example of xi'an-xianyang","Sustainability"
"ye yq, 2018, ecol indic","c1c2c3",28,0.578976335103514,2018,"Changes in land-use and ecosystem services in the guangzhou-foshan metropolitan area, china from 1990 to 2010: implications for sustainability under rapid urbanization","Ecological Indicators"
"lyu rf, 2018, land use policy","c1c2c3",39,0.0636758260892521,2018,"Impacts of urbanization on ecosystem services and their temporal relations: a case study in northern ningxia, china","Land Use Policy"
"sanchez-porras a, 2018, sustainability-basel","c1c2c3",0,0.0633994687747736,2018,"Evaluation of the potential change to the ecosystem service provision due to industrialization","Sustainability"
"dai ef, 2018, sustainability-basel","c1c2c3",2,0.183730856175717,2018,"'Urban-rural' gradient analysis of landscape changes around cities in mountainous regions: a case study of the hengduan mountain region in southwest china","Sustainability"
"guneralp b, 2018, environ res lett","c1c2c3",39,0.283802358624456,2018,"Urbanization in africa: challenges and opportunities for conservation","Environmental Research Letters"
"martin kl, 2017, ecohydrology","c1c2c3",27,0.209156622083613,2017,"Watershed impacts of climate and land use changes depend on magnitude and land use context","Ecohydrology"
"zhang m, 2017, int j sust dev world","c1c2c3",5,0.0128555240020109,2017,"Ecological landscape regulation approaches in xilingol, inner mongolia: an urban ecosystem services perspective","International Journal Of Sustainable Development And World Ecology"
"estoque rc, 2016, landscape ecol","c1c2c3",55,0.30218758321876,2016,"Quantifying landscape pattern and ecosystem service value changes in four rapidly urbanizing hill stations of southeast asia","Landscape Ecology"
"ai jy, 2016, front earth sci-prc","c1c2c3",15,0.172628622498387,2016,"Exploring coupling coordination between urbanization and ecosystem quality (1985-2010): a case study from lianyungang city, china","Frontiers Of Earth Science"
"long hl, 2014, habitat int","c1c2c3",164,0.0455980151328545,2014,"Effects of land use transitions due to rapid urbanization on ecosystem services: implications for urban planning in the new developing area of china","Habitat International"
"wu jg, 2014, landscape urban plan-a","c1c2c3",107,0.0122636032042219,2014,"Urban ecology in china: historical developments and future directions","Landscape And Urban Planning"
"estoque rc, 2013, landscape urban plan","c1c2c3",108,0.00659937531240382,2013,"Landscape pattern and ecosystem service value changes: implications for environmental sustainability planning for the rapidly urbanizing summer capital of the philippines","Landscape And Urban Planning"
"schneider a, 2012, ecosystems","c1c2c3",23,0.0488875255108848,2012,"Impacts of urbanization on ecosystem goods and services in the u.s. corn belt","Ecosystems"
"sirakaya a, 2018, ecosyst serv","c1c2c4",18,2.2431353190294,2018,"Ecosystem services in cities: towards the international legal protection of ecosystem services in urban environments","Ecosystem Services"
"goldman rl, 2009, ann ny acad sci","c1c2c4",46,1.72124648336829,2009,"A critical analysis of ecosystem services as a tool in conservation projects the possible perils, the promises, and the partnerships","Year In Ecology And Conservation Biology 2009"
"zhang y, 2020, sustainability-basel","c1c3",0,0.405856045618557,2020,"Using vegetation indices to characterize vegetation cover change in the urban areas of southern china","Sustainability"
"liao qp, 2020, int j env res pub he","c1c3",0,0.00114795882773674,2020,"Green infrastructure offset of the negative ecological effects of urbanization and storing water in the three gorges reservoir area, china","International Journal Of Environmental Research And Public Health"
"cheng xl, 2020, remote sens-basel","c1c3",0,0.385364708370893,2020,"Using spot data and fragstas to analyze the relationship between plant diversity and green space landscape patterns in the tropical coastal city of zhanjiang, china","Remote Sensing"
"zhao j, 2020, environ monit assess","c1c3",0,0.20739449733658,2020,"Investigating spatiotemporal dynamics and trade-off/synergy of multiple ecosystem services in response to land cover change: a case study of nanjing city, china","Environmental Monitoring And Assessment"
"liu yp, 2020, landscape ecol","c1c3",1,0.144373872339758,2020,"Characterizing three dimensional (3-d) morphology of residential buildings by landscape metrics","Landscape Ecology"
"petrisor ai, 2020, land-basel","c1c3",0,0.00394515969582181,2020,"Degradation of coastlines under the pressure of urbanization and tourism: evidence on the change of land systems from europe, asia and africa","Land"
"dai x, 2020, ecol indic","c1c3",1,0.00114795882773668,2020,"Spatio-temporal variations of ecosystem services in the urban agglomerations in the middle reaches of the yangtze river, china","Ecological Indicators"
"mirsanjari mm, 2020, environ monit assess","c1c3",0,0.260868629420087,2020,"Investigation of the impacts of urban vegetation loss on the ecosystem service of air pollution mitigation in karaj metropolis, iran","Environmental Monitoring And Assessment"
"mortoja mg, 2020, remote sens-basel","c1c3",5,0.34297322970092,2020,"Local drivers of anthropogenic climate change: quantifying the impact through a remote sensing approach in brisbane","Remote Sensing"
"kuang wh, 2020, remote sens-basel","c1c3",3,0.478255146187137,2020,"Investigating the patterns and dynamics of urban green space in china's 70 major cities using satellite remote sensing","Remote Sensing"
"chen wx, 2020, int j env res pub he","c1c3",2,0.00736592150293211,2020,"Ecosystem services and their driving forces in the middle reaches of the yangtze river urban agglomerations, china","International Journal Of Environmental Research And Public Health"
"zhang h, 2020, isl stud j","c1c3",2,0.0700756922908915,2020,"Planning island sustainable development policy based on the theory of ecosystem services: a case study of zhoushan archipelago, east china","Island Studies Journal"
"wang ly, 2020, land-basel","c1c3",0,0.00114795882773668,2020,"Trade-offs between economic benefits and ecosystem services value under three cropland protection scenarios for wuhan city in china","Land"
"he xb, 2020, land degrad dev","c1c3",1,0.00114795882773668,2020,"Decadal loss of paddy fields driven by cumulative human activities in the three gorges reservoir area, china","Land Degradation & Development"
"surya b, 2020, land-basel","c1c3",2,0.127410912514475,2020,"Land use change, spatial interaction, and sustainable development in the metropolitan urban areas, south sulawesi province, indonesia","Land"
"zari mp, 2020, ocean coast manage","c1c3",2,0.0168098713225173,2020,"Devising urban ecosystem-based adaptation (eba) projects with developing nations: a case study of port vila, vanuatu","Ocean & Coastal Management"
"xiao y, 2020, sustainability-basel","c1c3",0,0.0337442725774204,2020,"Sustainability dynamics of traditional villages: a case study in qiannan prefecture, guizhou, china","Sustainability"
"richards dr, 2020, remote sens-basel","c1c3",3,3.16106066880563,2020,"Global changes in urban vegetation cover","Remote Sensing"
"mao dh, 2019, j clean prod","c1c3",38,0.0295099003350373,2019,"Diverse policies leading to contrasting impacts on land cover and ecosystem services in northeast china","Journal Of Cleaner Production"
"liu sq, 2019, sustainability-basel","c1c3",0,0.38536470837089,2019,"Spatial-temporal dynamic analysis of land use and landscape pattern in guangzhou, china: exploring the driving forces from an urban sustainability perspective","Sustainability"
"sun xp, 2019, environ sci pollut r","c1c3",2,0.0675889377659075,2019,"Exploring ecosystem services and scenario simulation in the headwaters of qiantang river watershed of china","Environmental Science And Pollution Research"
"zheng ww, 2019, ecol indic","c1c3",12,0.261210998208616,2019,"Trade-offs between cropland quality and ecosystem services of marginal compensated cropland - a case study in wuhan, china","Ecological Indicators"
"komugabe-dixson af, 2019, ecosyst serv","c1c3",4,0.169978071214509,2019,"Environmental change, urbanisation, and socio-ecological resilience in the pacific: community narratives from port vila, vanuatu","Ecosystem Services"
"lyu rf, 2019, comput environ urban","c1c3",5,0.016104381092986,2019,"The impact of urbanization and climate change on ecosystem services: a case study of the city belt along the yellow river in ningxia, china","Computers Environment And Urban Systems"
"kalantari z, 2019, j environ manage","c1c3",12,0.0952254769253517,2019,"Meeting sustainable development challenges in growing cities: coupled social-ecological systems modeling of land use and water changes","Journal Of Environmental Management"
"xu jw, 2019, sustainability-basel","c1c3",1,0.580054053206468,2019,"Spatiotemporal dynamics of water yield service and its response to urbanisation in the beiyun river basin, beijing","Sustainability"
"collins cmt, 2019, urban for urban gree","c1c3",3,0.0168098713225173,2019,"What do people know? Ecosystem services, public perception and sustainable management of urban park trees in london, u.k","Urban Forestry & Urban Greening"
"cheng fy, 2019, j geogr sci","c1c3",2,1.31234125541905,2019,"The effects of urbanization on ecosystem services for biodiversity conservation in southernmost yunnan province, southwest china","Journal Of Geographical Sciences"
"lang yq, 2019, ecol indic","c1c3",13,0.00114795882773668,2019,"Quantifying and mapping the responses of selected ecosystem services to projected land use changes","Ecological Indicators"
"wu y, 2019, land use policy","c1c3",16,0.261210998208616,2019,"Impact of land use change on multiple ecosystem services in the rapidly urbanizing kunshan city of china: past trajectories and future projections","Land Use Policy"
"liu zm, 2019, sustainability-basel","c1c3",4,0.0337442725774204,2019,"Landscape-based assessment of urban resilience and its evolution: a case study of the central city of shenyang","Sustainability"
"wang j, 2019, landscape ecol","c1c3",1,0.0350277088065762,2019,"From quantity to quality: enhanced understanding of the changes in urban greenspace","Landscape Ecology"
"han yw, 2019, urban for urban gree","c1c3",4,0.517297581082103,2019,"Modeling the effects of landscape patterns of current forests on the habitat quality of historical remnants in a highly urbanized area","Urban Forestry & Urban Greening"
"khan m, 2019, hydrolog sci j","c1c3",5,0.0168098713225173,2019,"Assessment of future water provisioning and sediment load under climate and lulc change scenarios in a peninsular river basin, india","Hydrological Sciences Journal-Journal Des Sciences Hydrologiques"
"wang j, 2019, sci total environ","c1c3",20,0.00736592150293211,2019,"Spatial imbalance and changes in supply and demand of ecosystem services in china","Science Of The Total Environment"
"engemann k, 2019, p natl acad sci usa","c1c3",89,0.223963863724488,2019,"Residential green space in childhood is associated with lower risk of psychiatric disorders from adolescence into adulthood","Proceedings Of The National Academy Of Sciences Of The United States Of America"
"qiao xn, 2019, sci total environ","c1c3",32,0.00114795882773668,2019,"Temporal variation and spatial scale dependency of the trade-offs and synergies among multiple ecosystem services in the taihu lake basin of china","Science Of The Total Environment"
"manzoor sa, 2019, sustainability-basel","c1c3",5,0.0582537309910898,2019,"Linking social perception and provision of ecosystem services in a sprawling urban landscape: a case study of multan, pakistan","Sustainability"
"riechers m, 2019, sustainability-basel","c1c3",8,0.102479352071702,2019,"Cultural ecosystem services provided by urban green change along an urban-periurban gradient","Sustainability"
"ke xl, 2019, sustainability-basel","c1c3",3,0.261210998208616,2019,"Impacts of strict cropland protection on water yield: a case study of wuhan, china","Sustainability"
"rojas c, 2019, land use policy","c1c3",20,0.0952254769253517,2019,"Urban development versus wetland loss in a coastal latin american city: lessons for sustainable land use planning","Land Use Policy"
"cole b, 2018, int j appl earth obs","c1c3",8,0.755276847569875,2018,"Acceleration and fragmentation of corine land cover changes in the united kingdom from 2006-2012 detected by copernicus image2012 satellite data","International Journal Of Applied Earth Observation And Geoinformation"
"sun x, 2018, ecol indic","c1c3",23,0.0210455201675552,2018,"Analyzing spatio-temporal changes and trade-offs to support the supply of multiple ecosystem services in beijing, china","Ecological Indicators"
"wentz ea, 2018, landscape urban plan","c1c3",32,0.668102129913381,2018,"Six fundamental aspects for conceptualizing multidimensional urban form: a spatial mapping perspective","Landscape And Urban Planning"
"luo ql, 2018, ecol indic","c1c3",9,0.00394515969582181,2018,"The effects of china's ecological control line policy on ecosystem services: the case of wuhan city","Ecological Indicators"
"hu yg, 2018, sustainability-basel","c1c3",1,0.261210998208616,2018,"Dynamics of tradeoffs between economic benefits and ecosystem services due to urban expansion","Sustainability"
"gao tm, 2018, sustainability-basel","c1c3",8,0.140593919356642,2018,"Sustainable rural development in northern china: caught in a vice between poverty, urban attractions, and migration","Sustainability"
"solins jp, 2018, landscape urban plan","c1c3",9,0.0501480225394022,2018,"Riparian canopy expansion in an urban landscape: multiple drivers of vegetation change along headwater streams near sacramento, california","Landscape And Urban Planning"
"zhang h, 2018, phys chem earth","c1c3",6,0.00394515969582181,2018,"Evaluation of ecosystem service based on scenario simulation of land use in yunnan province","Physics And Chemistry Of The Earth"
"lim vc, 2018, urban ecosyst","c1c3",14,0.314397192628104,2018,"Impact of urbanisation and agriculture on the diet of fruit bats","Urban Ecosystems"
"chen hx, 2018, sustainability-basel","c1c3",1,0.0675889377659075,2018,"Coupling between rural development and ecosystem services, the case of fujian province, china","Sustainability"
"han yw, 2018, int rev spat plan su","c1c3",5,0.894373581430478,2018,"Mapping and quantifying variations in ecosystem services of urban green spaces: a test case of carbon sequestration at the district scale for seoul, korea (1975-2015)","International Review For Spatial Planning And Sustainable Development"
"sun x, 2017, sci total environ","c1c3",48,0.0542037826288074,2017,"Spatiotemporal assessment and trade-offs of multiple ecosystem services based on land use changes in zengcheng, china","Science Of The Total Environment"
"partl a, 2017, nat hazards","c1c3",8,0.00495778634938053,2017,"A spatial analysis of integrated risk: vulnerability of ecosystem services provisioning to different hazards in the czech republic","Natural Hazards"
"castelli g, 2017, forests","c1c3",6,0.00114795882773668,2017,"Planting waterscapes: green infrastructures, landscape and hydrological modeling for the future of santa cruz de la sierra, bolivia","Forests"
"song bj, 2017, habitat int","c1c3",10,0.00736592150293211,2017,"Agricultural transformation and ecosystem services: a case study from shaanxi province, china","Habitat International"
"han hq, 2017, trop ecol","c1c3",7,0.177533870047986,2017,"Assessing and mapping of multiple ecosystem services in guizhou province, china","Tropical Ecology"
"richards dr, 2017, landscape urban plan","c1c3",39,1.02457948852454,2017,"Impacts of population density and wealth on the quantity and structure of urban green space in tropical southeast asia","Landscape And Urban Planning"
"ishimatsu k, 2017, landsc ecol eng","c1c3",14,0.306516265229719,2017,"Use of rain gardens for stormwater management in urban design and planning","Landscape And Ecological Engineering"
"tian yl, 2017, ocean coast manage","c1c3",15,0.170162889697254,2017,"Using landsat images to quantify different human threats to the shuangtai estuary ramsar site, china","Ocean & Coastal Management"
"tian yc, 2016, sci total environ","c1c3",49,0.0671668577040724,2016,"Trade-offs among ecosystem services in a typical karst watershed, sw china","Science Of The Total Environment"
"barron s, 2016, forests","c1c3",11,0.159723568928727,2016,"Urban forest indicators for planning and designing future forests","Forests"
"arunyawat s, 2016, sustainability-basel","c1c3",37,0.155416713622793,2016,"Assessing land use change and its impact on ecosystem services in northern thailand","Sustainability"
"al-kalbani ms, 2016, reg environ change","c1c3",7,0.0180147693213217,2016,"Integrated environmental assessment to explore water resources management in al jabal al akhdar, sultanate of oman","Regional Environmental Change"
"zhang zm, 2016, environ earth sci","c1c3",22,0.671830801519566,2016,"Linking landscape structures and ecosystem service value using multivariate regression analysis: a case study of the chaohu lake basin, china","Environmental Earth Sciences"
"zhang ys, 2015, sustainability-basel","c1c3",24,0.0121696925447285,2015,"The impact of land cover change on ecosystem service values in urban agglomerations along the coast of the bohai rim, china","Sustainability"
"borgogno-mondino e, 2015, urban for urban gree","c1c3",17,0.0706313490858336,2015,"Soil quality and landscape metrics as driving factors in a multi-criteria gis procedure for peri-urban land use planning","Urban Forestry & Urban Greening"
"dugord pa, 2014, comput environ urban","c1c3",61,0.0843798348492872,2014,"Land use patterns, temperature distribution, and potential heat stress risk - the case study berlin, germany","Computers Environment And Urban Systems"
"wu cf, 2014, landscape urban plan","c1c3",34,0.0337442725774204,2014,"Assessing highway's impacts on landscape patterns and ecosystem services: a case study in puli township, taiwan","Landscape And Urban Planning"
"xie hl, 2014, int j env res pub he","c1c3",3,0.00495778634938053,2014,"Identifying regional key eco-space to maintain ecological security using gis","International Journal Of Environmental Research And Public Health"
"christensen aa, 2014, geogr tidsskr-den","c1c3",4,0.193259655207615,2014,"New multifunctional hunting landscapes in denmark","Geografisk Tidsskrift-Danish Journal Of Geography"
"leigh c, 2013, water-sui","c1c3",28,0.00394515969582181,2013,"Science to support management of receiving waters in an event-driven ecosystem: from land to river to sea","Water"
"knapp s, 2012, ecology","c1c3",81,0.0749375232863879,2012,"Phylogenetic and functional characteristics of household yard floras and their changes along an urbanization gradient","Ecology"
"hagan d, 2012, soil use manage","c1c3",13,0.081265706139163,2012,"Anthropogenic effects on the physical and chemical properties of subtropical coastal urban soils","Soil Use And Management"
"plieninger t, 2012, appl geogr","c1c3",41,0.00495778634938053,2012,"Monitoring directions and rates of change in trees outside forests through multitemporal analysis of map sequences","Applied Geography"
"liu y, 2012, ecol model","c1c3",78,0.605478019066502,2012,"An ecosystem service valuation of land use change in taiyuan city, china","Ecological Modelling"
"li f, 2011, ecol complex","c1c3",34,0.205104688539893,2011,"Evaluating and modeling ecosystem service loss of coal mining: a case study of mentougou district of beijing, china","Ecological Complexity"
"huang sl, 2011, ecol complex","c1c3",39,0.0121696925447285,2011,"Emergy-based evaluation of pen-urban ecosystem services","Ecological Complexity"
"yong y, 2010, j urban plan dev","c1c3",18,0.332147318480529,2010,"Urban land-use zoning based on ecological evaluation for large conurbations in less developed regions: case study in foshan, china","Journal Of Urban Planning And Development"
"ileva ny, 2009, sustain sci","c1c3",25,0.0290422658108629,2009,"Relationship between the riverine nitrate-nitrogen concentration and the land use in the teshio river watershed, north japan","Sustainability Science"
"machado ea, 2006, j soil water conserv","c1c3",20,0.00495778634938053,2006,"Prioritizing farmland preservation cost-effectively for multiple objectives","Journal Of Soil And Water Conservation"
"tallis h, 2018, front psychol","c1c4",9,0.510389527226471,2018,"Are california elementary school test scores more strongly associated with urban trees than poverty?","Frontiers In Psychology"
"farley ka, 2017, ecol soc","c1c4",4,0.737201902442118,2017,"Opportunities and obstacles for rangeland conservation in san diego county, california, usa","Ecology And Society"
"teitelbaum cs, 2020, mov ecol","c2",0,0.0641010112371916,2020,"Urban specialization reduces habitat connectivity by a highly mobile wading bird","Movement Ecology"
"archana a, 2020, front mar sci","c2",0,0.113754067437023,2020,"Multifunctionality of an urbanized coastal marine ecosystem","Frontiers In Marine Science"
"lapointe m, 2020, ecol soc","c2",0,0.0641010112372037,2020,"Perceived availability and access limitations to ecosystem service well-being benefits increase in urban areas","Ecology And Society"
"de la fuente b, 2020, glob ecol conserv","c2",0,0.0641010112372016,2020,"Built-up areas within and around protected areas: global patterns and 40-year trends","Global Ecology And Conservation"
"schirpke u, 2020, ecosyst serv","c2",0,0.103063941121398,2020,"Cultural ecosystem services in mountain regions: conceptualising conflicts among users and limitations of use","Ecosystem Services"
"park y, 2020, diversity-basel","c2",0,0.0641010112372002,2020,"A comparative study of carabid beetles in green spaces and former natural habitats","Diversity-Basel"
"luo wz, 2020, sci total environ","c2",0,0.0641010112372016,2020,"An evolution perspective on the urban land carrying capacity in the urbanization era of china","Science Of The Total Environment"
"zhang rx, 2020, sustainability-basel","c2",0,0.0641010112371981,2020,"Impact of rapid and intensive land use/land cover change on soil properties in arid regions: a case study of lanzhou new area, china","Sustainability"
"mutinova pt, 2020, water-sui","c2",1,0.064101011237201,2020,"Benthic diatom communities in urban streams and the role of riparian buffers","Water"
"burdon fj, 2020, global change biol","c2",5,0.175637323701231,2020,"Stream microbial communities and ecosystem functioning show complex responses to multiple stressors in wastewater","Global Change Biology"
"bogunovic i, 2020, agronomy-basel","c2",0,0.064101011237201,2020,"Agricultural and forest land-use impact on soil properties in zagreb periurban area (croatia)","Agronomy-Basel"
"gao t, 2020, forests","c2",0,0.175637323701231,2020,"Reduction of atmospheric suspended particulate matter concentration and influencing factors of green space in urban forest park","Forests"
"des roches s, 2021, evol appl","c2",4,0.064101011237201,2021,"Socio-eco-evolutionary dynamics in cities","Evolutionary Applications"
"chen xc, 2020, j environ manage","c2",1,0.064101011237201,2020,"Mapping ecological space quality changes for ecological management: a case study in the pearl river delta urban agglomeration, china","Journal Of Environmental Management"
"zhou bb, 2020, landscape ecol","c2",2,0.064101011237201,2020,"Understanding the dynamics of farmland loss in a rapidly urbanizing region: a problem-driven, diagnostic approach to landscape sustainability","Landscape Ecology"
"xu c, 2020, j clean prod","c2",4,0.064101011237201,2020,"Ecosystem services response to rural-urban transitions in coastal and island cities: a comparison between shenzhen and hong kong, china","Journal Of Cleaner Production"
"paiva acd, 2020, sci total environ","c2",3,0.064101011237201,2020,"Urban expansion and its impact on water security: the case of the paraiba do sul river basin, sao paulo, brazil","Science Of The Total Environment"
"beckers v, 2020, j land use sci","c2",3,0.064101011237201,2020,"The impact of urbanization on agricultural dynamics: a case study in belgium","Journal Of Land Use Science"
"jiang b, 2020, land degrad dev","c2",0,0.064101011237201,2020,"Land management to reconcile ecosystem services supply and demand mismatches-a case study in shanghai municipality, china","Land Degradation & Development"
"yan zz, 2020, environ pollut","c2",3,0.064101011237201,2020,"Industrial development as a key factor explaining variances in soil and grass phyllosphere microbiomes in urban green spaces","Environmental Pollution"
"king cm, 2020, urban ecosyst","c2",0,0.064101011237201,2020,"Wetland plant community variation across replicate urban to rural gradients: non-native species as both drivers and passengers in systems impacted by anthropogenic land-use","Urban Ecosystems"
"parker dm, 2020, urban ecosyst","c2",0,0.064101011237201,2020,"Landscape context influences the abundance and richness of native lady beetles occupying urban vacant land","Urban Ecosystems"
"liu c, 2020, j clean prod","c2",4,0.064101011237201,2020,"An empirical analysis of dynamic changes in ecological sustainability and its relationship with urbanization in a coastal city: the case of xiamen in china","Journal Of Cleaner Production"
"zou y, 2020, environ monit assess","c2",1,0.064101011237201,2020,"Rethinking vulnerability and human behaviour in arid and semi-arid regions in northwestern china","Environmental Monitoring And Assessment"
"cai al, 2020, j environ plann man","c2",1,0.103063941121394,2020,"Modeling the trade-offs between urban development and ecological process based on landscape multi-functionality and regional ecological networks","Journal Of Environmental Planning And Management"
"zhou t, 2020, j environ plann man","c2",0,0.0111048503795698,2020,"Valuing the effect of land use change on landscape services on the urban-rural fringe","Journal Of Environmental Planning And Management"
"kim i, 2020, urban ecosyst","c2",0,0.064101011237201,2020,"Identification of landscape multifunctionality along urban-rural gradient of coastal cities in south korea","Urban Ecosystems"
"pinheiro rt, 2020, cienc florest","c2",0,0.373443684156733,2020,"Arboreous composition and diversity in the urbanized blocks of palmas, tocantins state","Ciencia Florestal"
"qiu lf, 2020, j clean prod","c2",3,0.103063941121394,2020,"The positive impacts of landscape fragmentation on the diversification of agricultural production in zhejiang province, china","Journal Of Cleaner Production"
"pignataro t, 2020, urban ecosyst","c2",1,0.064101011237201,2020,"Urban gradients alter the diversity, specific composition and guild distribution in tropical butterfly communities","Urban Ecosystems"
"zheng qz, 2020, water-sui","c2",2,0.064101011237201,2020,"Effects of urbanization on watershed evapotranspiration and its components in southern china","Water"
"hewitt rj, 2020, environ manage","c2",0,0.064101011237201,2020,"Mapping adolescents' sense of place and perceptions of change in an urban-rural transition area","Environmental Management"
"tao y, 2020, cities","c2",5,0.064101011237201,2020,"How does urban form influence pm2.5 concentrations: insights from 350 different-sized cities in the rapidly urbanizing yangtze river delta region of china, 1998-2015","Cities"
"xu m, 2020, int j sust dev world","c2",2,0.135268771595962,2020,"Urbanization diverges residents' landscape preferences but towards a more natural landscape: case to complement landsenses ecology from the lens of landscape perception","International Journal Of Sustainable Development And World Ecology"
"schwarz n, 2020, front env sci-switz","c2",2,0.175637323701231,2020,"Synergies or trade-offs? Optimizing a virtual urban region to foster plant species richness, climate regulation, and compactness under varying landscape composition","Frontiers In Environmental Science"
"sun x, 2020, sci total environ","c2",7,0.0111048503795698,2020,"Spatiotemporal patterns and drivers of ecosystem service supply and demand across the conterminous united states: a multiscale analysis","Science Of The Total Environment"
"mayorga i, 2020, urban ecosyst","c2",1,0.175637323701231,2020,"Local and landscape drivers of bird abundance, species richness, and trait composition in urban agroecosystems","Urban Ecosystems"
"brinkmann k, 2020, remote sens-basel","c2",2,0.064101011237201,2020,"Spatial and temporal dynamics of urban wetlands in an indian megacity over the past 50 years","Remote Sensing"
"kim jy, 2020, wetl ecol manag","c2",1,0.373443684156733,2020,"Land-cover changes and distribution of wetland species in small valley habitats that developed in a late pleistocene middle terrace region","Wetlands Ecology And Management"
"fournier b, 2020, j biogeogr","c2",4,0.064101011237201,2020,"The origin of urban communities: from the regional species pool to community assemblages in city","Journal Of Biogeography"
"zhu jf, 2020, sustainability-basel","c2",0,0.064101011237201,2020,"Spatiotemporal analysis of the nonlinear negative relationship between urbanization and habitat quality in metropolitan areas","Sustainability"
"zhu zp, 2021, environ dev sustain","c2",0,0.341696444350132,2021,"Correlation between urbanization and ecosystem services in xiamen, china","Environment Development And Sustainability"
"yildirim s, 2020, eur j sustain dev","c2",0,0.064101011237201,2020,"Urban resident views about open green spaces: a study in guzelyurt (morphou), cyprus","European Journal Of Sustainable Development"
"yang jm, 2020, j environ eng landsc","c2",0,0.064101011237201,2020,"Effects of changing scales on landscape patterns and spatial modeling under urbanization","Journal Of Environmental Engineering And Landscape Management"
"odnoralov ga, 2020, lesnoy zh","c2",0,0.175637323701231,2020,"Assessment of urban forest biological productivity (case study of the voronezh upland oak forest)","Lesnoy Zhurnal-Forestry Journal"
"petrisor ai, 2020, remote sens-basel","c2",4,0.064101011237201,2020,"Trends in the national and regional transitional dynamics of land cover and use changes in romania","Remote Sensing"
"mrozik w, 2019, sci total environ","c2",5,0.064101011237201,2019,"The food-water quality nexus in periurban aquacultures downstream of bangkok, thailand","Science Of The Total Environment"
"serra srq, 2019, urban ecosyst","c2",1,0.064101011237201,2019,"Effects of variations in water quantity and quality in the structure and functions of invertebrates' community of a mediterranean urban stream","Urban Ecosystems"
"zhou t, 2019, urban ecosyst","c2",3,0.064101011237201,2019,"Variability of agroecosystems and landscape service provision on the urban-rural fringe of wuhan, central china","Urban Ecosystems"
"tang s, 2019, environ eng manag j","c2",0,0.064101011237201,2019,"Dynamic evaluation and spatial mapping of wetland ecosystem services value - a case study on nanjing jiangbei new area","Environmental Engineering And Management Journal"
"song gm, 2019, ecol indic","c2",2,0.064101011237201,2019,"Changes in plant functional traits and their relationships with environmental factors along an urban-rural gradient in guangzhou, china","Ecological Indicators"
"danielaini tt, 2019, j environ plann man","c2",1,0.103063941121394,2019,"Qualitative and quantitative analysis of perceived liveability in the context of socio-ecohydrology: evidence from the urban and peri-urban cirebon-indonesia","Journal Of Environmental Planning And Management"
"schueller sk, 2019, urban ecosyst","c2",1,0.064101011237201,2019,"Urbanization decreases the extent and variety of leaf herbivory for native canopy tree species quercus rubra, quercus alba, and acer saccharum","Urban Ecosystems"
"chamberlain de, 2019, global change biol","c2",6,0.064101011237201,2019,"The relationship between wealth and biodiversity: a test of the luxury effect on bird species richness in the developing world","Global Change Biology"
"koo h, 2019, ecol indic","c2",3,0.064101011237201,2019,"Impact assessment of land use changes using local knowledge for the provision of ecosystem services in northern ghana, west africa","Ecological Indicators"
"eaton mj, 2019, ecol appl","c2",2,0.064101011237201,2019,"Spatial conservation planning under uncertainty: adapting to climate change risks using modern portfolio theory","Ecological Applications"
"drummond ma, 2019, j maps","c2",3,0.113754067437019,2019,"Historical land use and land cover for assessing the northern colorado front range urban landscape","Journal Of Maps"
"jiang hl, 2019, sustainability-basel","c2",4,0.103063941121394,2019,"Simulation of spatiotemporal land use changes for integrated model of socioeconomic and ecological processes in china","Sustainability"
"shen zh, 2019, j geogr sci","c2",0,0.175637323701231,2019,"The emerging cross-disciplinary studies of landscape ecology and biodiversity in china","Journal Of Geographical Sciences"
"heylen d, 2019, sci total environ","c2",9,0.113754067437019,2019,"Ticks and tick-borne diseases in the city: role of landscape connectivity and green space characteristics in a metropolitan area","Science Of The Total Environment"
"hou h, 2019, sci total environ","c2",17,0.064101011237201,2019,"Scenario-based modelling for urban sustainability focusing on changes in cropland under rapid urbanization: a case study of hangzhou from 1990 to 2035","Science Of The Total Environment"
"kang y, 2019, phys chem earth","c2",8,0.135268771595962,2019,"An ecosystem services value assessment of land-use change in chengdu: based on a modification of scarcity factor","Physics And Chemistry Of The Earth"
"mateu mg, 2019, microorganisms","c2",1,0.064101011237201,2019,"Urbanization altered bacterial and archaeal composition in tidal freshwater wetlands near washington dc, usa, and buenos aires, argentina","Microorganisms"
"higgins sl, 2019, wires water","c2",4,0.620161627268777,2019,"Urban freshwaters, biodiversity, and human health and well-being: setting an interdisciplinary research agenda","Wiley Interdisciplinary Reviews-Water"
"lapointe m, 2019, bioscience","c2",4,0.064101011237201,2019,"Comparing ecosystem service preferences between urban and rural dwellers","Bioscience"
"zhou cw, 2019, chinese geogr sci","c2",11,0.064101011237201,2019,"Effect of short-term forest bathing in urban parks on perceived anxiety of young-adults: a pilot study in guiyang, southwest china","Chinese Geographical Science"
"arsanjani jj, 2019, int j digit earth","c2",2,0.064101011237201,2019,"Characterizing and monitoring global landscapes using globeland30 datasets: the first decade of the twenty-first century","International Journal Of Digital Earth"
"bing z, 2019, appl ecol env res","c2",0,0.064101011237201,2019,"Study on the spatial relationship between landscape recreation service demand and urbanization - a case study in shanghai","Applied Ecology And Environmental Research"
"liu yq, 2019, ecol indic","c2",16,0.064101011237201,2019,"Understanding the spatiotemporal variation of urban land expansion in oasis cities by integrating remote sensing and multi-dimensional dpsir-based indicators","Ecological Indicators"
"wang h, 2019, pol j environ stud","c2",1,0.064101011237201,2019,"What determines the change of lakes in large cities under climate change and anthropogenic activities? Evidence from eastern china","Polish Journal Of Environmental Studies"
"li zg, 2019, int j env res pub he","c2",8,0.064101011237201,2019,"Impact of land use/cover change on yangtze river delta urban agglomeration ecosystem services value: temporal-spatial patterns and cold/hot spots ecosystem services value change brought by urbanization","International Journal Of Environmental Research And Public Health"
"tian l, 2019, int j env res pub he","c2",8,0.064101011237201,2019,"Analyzing mega city-regions through integrating urbanization and eco-environment systems: a case study of the beijing-tianjin-hebei region","International Journal Of Environmental Research And Public Health"
"macfarlane k, 2019, antipode","c2",2,0.113754067437019,2019,"Time, waste, and the city: the rise of the environmental industry","Antipode"
"stoltz j, 2018, front psychol","c2",6,0.103063941121394,2018,"Salutogenic affordances and sustainability: multiple benefits with edible forest gardens in urban green spaces","Frontiers In Psychology"
"qu y, 2018, habitat int","c2",26,0.064101011237201,2018,"The economic and environmental effects of land use transitions under rapid urbanization and the implications for land use management","Habitat International"
"li xm, 2018, sci total environ","c2",23,0.064101011237201,2018,"Dasymetric mapping of urban population in china based on radiance corrected dmsp-ols nighttime light and land cover data","Science Of The Total Environment"
"bariamis g, 2018, environ process","c2",1,0.064101011237201,2018,"Land accounts in the river basin districts of greece","Environmental Processes-An International Journal"
"borchert sm, 2018, j appl ecol","c2",24,0.064101011237201,2018,"Coastal wetland adaptation to sea level rise: quantifying potential for landward migration and coastal squeeze","Journal Of Applied Ecology"
"petrisor ai, 2018, present env sust dev","c2",10,0.064101011237201,2018,"Transitional dynamics based trend analysis of land cover and use changes in romania during 1990-2012","Present Environment And Sustainable Development"
"cui n, 2018, sustainability-basel","c2",5,0.064101011237201,2018,"The effects of rapid urbanization on forest landscape connectivity in zhuhai city, china","Sustainability"
"sha zy, 2018, isprs int j geo-inf","c2",3,0.064101011237201,2018,"Mapping the changes in urban greenness based on localized spatial association analysis under temporal context using modis data","Isprs International Journal Of Geo-Information"
"bai yp, 2018, j clean prod","c2",67,0.064101011237201,2018,"Exploring the relationship between urbanization and urban eco-efficiency: evidence from prefecture-level cities in china","Journal Of Cleaner Production"
"singh ak, 2018, curr sci india","c2",2,0.064101011237201,2018,"Plant diversity in cities: call for assessment and conservation","Current Science"
"stewart ab, 2018, peerj","c2",12,0.064101011237201,2018,"Habitat and landscape factors influence pollinators in a tropical megacity, bangkok, thailand","Peerj"
"coldsnow kd, 2018, environ toxicol chem","c2",7,0.064101011237201,2018,"Toxicity of various road-deicing salts to asian clams (corbicula fluminea)","Environmental Toxicology And Chemistry"
"xu x, 2018, sci total environ","c2",22,0.064101011237201,2018,"Detecting the response of bird communities and biodiversity to habitat loss and fragmentation due to urbanization","Science Of The Total Environment"
"gopal d, 2018, urban for urban gree","c2",7,0.064101011237201,2018,"Sacred sites as habitats of culturally important plant species in an indian megacity","Urban Forestry & Urban Greening"
"prather hm, 2018, urban for urban gree","c2",1,0.175637323701231,2018,"Urban forested parks and tall tree canopies contribute to macrolichen epiphyte biodiversity in urban landscapes","Urban Forestry & Urban Greening"
"zambon i, 2018, ecol econ","c2",70,0.064101011237201,2018,"Soil matters? A multivariate analysis of socioeconomic constraints to urban expansion in mediterranean europe","Ecological Economics"
"benitez fl, 2018, land-basel","c2",3,0.064101011237201,2018,"Urban land cover change in ecologically fragile environments: the case of the galapagos islands","Land"
"muller a, 2018, landscape urban plan","c2",15,0.175637323701231,2018,"'Wild' in the city context: do relative wild areas offer opportunities for urban biodiversity?","Landscape And Urban Planning"
"yu d, 2018, sustainability-basel","c2",7,0.064101011237201,2018,"Decreased landscape ecological security of peri-urban cultivated land following rapid urbanization: an impediment to sustainable agriculture","Sustainability"
"fan xc, 2018, appl ecol env res","c2",2,0.064101011237201,2018,"Prediction of land use change and ecosystem services value: a case study in nanping, china","Applied Ecology And Environmental Research"
"tang ln, 2018, int j sust dev world","c2",21,0.064101011237201,2018,"A framework designation for the assessment of urban ecological risks","International Journal Of Sustainable Development And World Ecology"
"zhou l, 2018, sustainability-basel","c2",1,0.064101011237201,2018,"An approach to evaluate comprehensive plan and identify priority lands for future land use development to conserve more ecological values","Sustainability"
"mazumdar s, 2018, environ monit assess","c2",2,0.113754067437019,2018,"Offal dumping sites influence the relative abundance and roosting site selection of black kites (milvus migrans govinda) in urban landscape: a study from kolkata metropolis, india","Environmental Monitoring And Assessment"
"zubair oa, 2017, sustainability-basel","c2",7,0.064101011237201,2017,"Modeling the impact of urban landscape change on urban wetlands using similarity weighted instance-based machine learning and markov model","Sustainability"
"chen ll, 2017, sustainability-basel","c2",2,0.064101011237201,2017,"Landscape optimization in a highly urbanized tourism destination: an integrated approach in nanjing, china","Sustainability"
"walker cm, 2017, urban ecosyst","c2",6,0.175637323701231,2017,"Does demolition improve biodiversity? Linking urban green space and socioeconomic characteristics to avian richness in a shrinking city","Urban Ecosystems"
"laforest-lapointe i, 2017, msystems","c2",12,0.175637323701231,2017,"Tree leaf bacterial community structure and diversity differ along a gradient of urban intensity","Msystems"
"richards dr, 2017, environ manage","c2",12,0.064101011237201,2017,"Characterizing coastal ecosystem service trade-offs with future urban development in a tropical city","Environmental Management"
"jovanovic t, 2017, stoch env res risk a","c2",9,0.135268771595962,2017,"Complexity as a streamflow metric of hydrologic alteration","Stochastic Environmental Research And Risk Assessment"
"pickard b, 2017, land-basel","c2",17,0.064101011237201,2017,"Comparing quantity, allocation and configuration accuracy of multiple land change models","Land"
"smith jw, 2017, landscape urban plan","c2",4,0.064101011237201,2017,"Bayesian methods to estimate urban growth potential","Landscape And Urban Planning"
"smith jw, 2017, forest sci","c2",0,0.064101011237201,2017,"Payments for carbon sequestration to alleviate development pressure in a rapidly urbanizing region","Forest Science"
"da silva jmc, 2017, land use policy","c2",17,0.103063941121394,2017,"The impact of deforestation, urbanization, public investments, and agriculture on human welfare in the brazilian amazonia","Land Use Policy"
"ripplinger j, 2017, ecosphere","c2",7,0.373443684156733,2017,"Boom-bust economics and vegetation dynamics in a desert city: how strong is the link?","Ecosphere"
"van vliet j, 2017, global environ chang","c2",81,0.0111048503795698,2017,"A global analysis of land take in cropland areas and production displacement from urbanization","Global Environmental Change-Human And Policy Dimensions"
"zhou j, 2017, glob j environ sci m","c2",8,0.064101011237201,2017,"Effects of the land use change on ecosystem service value","Global Journal Of Environmental Science And Management-Gjesm"
"shelton ao, 2017, j ecol","c2",17,0.064101011237201,2017,"Forty years of seagrass population stability and resilience in an urbanizing estuary","Journal Of Ecology"
"lopez-baucells a, 2017, urban ecosyst","c2",8,0.064101011237201,2017,"Bat boxes in urban non-native forests: a popular practice that should be reconsidered","Urban Ecosystems"
"groffman pm, 2017, ecosystems","c2",27,0.408960166983874,2017,"Moving towards a new urban systems science","Ecosystems"
"ezeonyejiaku cd, 2017, afr j sci technol in","c2",1,0.103063941121394,2017,"The scale effect of economic development and freshwater quality in nigeria: environmental pollution of the lower river niger basin","African Journal Of Science Technology Innovation & Development"
"li yf, 2017, ecol indic","c2",12,0.064101011237201,2017,"Quantifying urban ecological governance: a suite of indices characterizes the ecological planning implications of rapid coastal urbanization","Ecological Indicators"
"mchale mr, 2017, ecol appl","c2",5,0.135268771595962,2017,"Carbon lost and carbon gained: a study of vegetation and carbon trade-offs among diverse land uses in phoenix, arizona","Ecological Applications"
"plieninger t, 2016, land use policy","c2",173,0.064101011237201,2016,"The driving forces of landscape change in europe: a systematic review of the evidence","Land Use Policy"
"larondelle n, 2016, ecol indic","c2",10,0.113754067437019,2016,"Mapping transition potential with stakeholder- and policy-driven scenarios in rotterdam city","Ecological Indicators"
"wang z, 2016, sustainability-basel","c2",2,0.064101011237201,2016,"Integrated land governance for eco-urbanization","Sustainability"
"frantzeskaki n, 2016, environ sci policy","c2",79,0.103063941121394,2016,"Designing a knowledge co-production operating space for urban environmental governance-lessons from rotterdam, netherlands and berlin, germany","Environmental Science & Policy"
"zank b, 2016, landscape urban plan","c2",48,0.0111048503795698,2016,"Modeling the effects of urban expansion on natural capital stocks and ecosystem service flows: a case study in the puget sound, washington, usa","Landscape And Urban Planning"
"ghisellini p, 2016, j environ account ma","c2",8,0.103063941121394,2016,"Evaluating the energy sustainability of urban agriculture towards more resilient urban systems","Journal Of Environmental Accounting And Management"
"zari mp, 2016, intell build int","c2",7,0.103063941121394,2016,"Mimicking ecosystems for bio-inspired intelligent urban built environments","Intelligent Buildings International"
"chen xw, 2016, j sustain forest","c2",4,0.103063941121394,2016,"A case study using remote sensing data to compare biophysical properties of a forest and an urban area in northern alabama, usa","Journal Of Sustainable Forestry"
"tao y, 2015, j clean prod","c2",45,0.064101011237201,2015,"Effects of land use and cover change on terrestrial carbon stocks in urbanized areas: a study from changzhou, china","Journal Of Cleaner Production"
"rojas c, 2015, rev geogr norte gd","c2",13,0.373443684156733,2015,"Urban patterns in the biodiversity of metropolitan wetlands in the metropolitan area of cconcepcion","Revista De Geografia Norte Grande"
"kang w, 2015, urban ecosyst","c2",34,0.064101011237201,2015,"Effects of habitat structure, human disturbance, and habitat connectivity on urban forest bird communities","Urban Ecosystems"
"zullo f, 2015, tema","c2",6,0.0111048503795698,2015,"Urban development in tuscany land uptake and landscapes changes","Tema-Journal Of Land Use Mobility And Environment"
"hale jd, 2015, global change biol","c2",48,0.320625208736651,2015,"The ecological impact of city lighting scenarios: exploring gap crossing thresholds for urban bats","Global Change Biology"
"friggens m, 2015, urban ecosyst","c2",2,0.064101011237201,2015,"The influence of personal belief, agency mission and city size on open space decision making processes in three southwestern cities","Urban Ecosystems"
"hutmacher am, 2015, urban ecosyst","c2",2,0.064101011237201,2015,"Vegetative litter decomposition along urban ephemeral streams in southeastern arizona","Urban Ecosystems"
"wan ll, 2015, habitat int","c2",60,0.064101011237201,2015,"Effects of urbanization on ecosystem service values in a mineral resource-based city","Habitat International"
"yang gf, 2015, landscape urban plan","c2",77,0.064101011237201,2015,"Using ecosystem service bundles to detect trade-offs and synergies across urban-rural complexes","Landscape And Urban Planning"
"mishra nb, 2015, appl geogr","c2",30,0.064101011237201,2015,"Spatio-temporal analysis of trends in seasonal vegetation productivity across uttarakhand, indian himalayas, 2000-2014","Applied Geography"
"shifley sr, 2014, forest sci","c2",29,0.135268771595962,2014,"Five anthropogenic factors that will radically alter forest conditions and management needs in the northern united states","Forest Science"
"bennett ab, 2014, insect conserv diver","c2",6,0.064101011237201,2014,"A comparison of arthropod abundance and arthropod mediated predation services in urban green spaces","Insect Conservation And Diversity"
"tavares ao, 2014, appl geogr","c2",15,0.0111048503795698,2014,"Land use change and forest routing in a rural context: the relevance of the community-based management and planning framework","Applied Geography"
"hou eq, 2014, forests","c2",6,0.064101011237201,2014,"Heavy metal contamination in soils of remnant natural and plantation forests in an urbanized region of the pearl river delta, china","Forests"
"bendor t, 2014, ecol soc","c2",17,0.135268771595962,2014,"A mixed-methods analysis of social-ecological feedbacks between urbanization and forest persistence","Ecology And Society"
"hecht sb, 2014, j peasant stud","c2",35,0.064101011237201,2014,"Forests lost and found in tropical latin america: the woodland 'green revolution'","Journal Of Peasant Studies"
"nock ca, 2013, ecosystems","c2",25,0.135268771595962,2013,"Effects of urbanization on tree species functional diversity in eastern north america","Ecosystems"
"de oliveira jap, 2013, j clean prod","c2",48,0.064101011237201,2013,"Green economy and governance in cities: assessing good governance in key urban economic processes","Journal Of Cleaner Production"
"bieling c, 2013, land use policy","c2",31,0.064101011237201,2013,"Patterns and causes of land change: empirical results and conceptual considerations derived from a case study in the swabian alb, germany","Land Use Policy"
"jenerette gd, 2013, environ res lett","c2",34,0.113754067437019,2013,"Urban vegetation and income segregation in drylands: a synthesis of seven metropolitan regions in the southwestern united states","Environmental Research Letters"
"grumbine re, 2013, biol conserv","c2",15,0.064101011237201,2013,"Recalibrating china's environmental policy: the next 10 years","Biological Conservation"
"wang s, 2013, forest policy econ","c2",6,0.064101011237201,2013,"Forest economics in an increasingly urbanized society: the next frontier","Forest Policy And Economics"
"egoh bn, 2012, ecosyst serv","c2",46,0.175637323701231,2012,"An african account of ecosystem service provision: use, threats and policy options for sustainable livelihoods","Ecosystem Services"
"newcomer ta, 2012, ecol monogr","c2",72,0.064101011237201,2012,"Influence of natural and novel organic carbon sources on denitrification in forest, degraded urban, and restored streams","Ecological Monographs"
"georgescu m, 2012, environ res lett","c2",53,0.103063941121394,2012,"Seasonal hydroclimatic impacts of sun corridor expansion","Environmental Research Letters"
"vaughan ip, 2012, global change biol","c2",64,0.064101011237201,2012,"Large-scale, long-term trends in british river macroinvertebrates","Global Change Biology"
"pellissier v, 2012, acta oecol","c2",29,0.064101011237201,2012,"Pollination success of lotus corniculatus (l.) in an urban context","Acta Oecologica-International Journal Of Ecology"
"uriarte m, 2011, landscape ecol","c2",99,0.064101011237201,2011,"Influence of land use on water quality in a tropical landscape: a multi-scale analysis","Landscape Ecology"
"strong a, 2011, ecol econ","c2",5,0.175637323701231,2011,"Is economic growth for the birds?","Ecological Economics"
"morimoto y, 2011, landsc ecol eng","c2",15,0.4648145458466,2011,"Biodiversity and ecosystem services in urban areas for smart adaptation to climate change: ""do you kyoto""?","Landscape And Ecological Engineering"
"parry l, 2010, popul environ","c2",50,0.064101011237201,2010,"Drivers of rural exodus from amazonian headwaters","Population And Environment"
"smith la, 2010, environ manage","c2",33,0.113754067437019,2010,"Impacts of adjacent land use and isolation on marsh bird communities","Environmental Management"
"neil kl, 2010, j arid environ","c2",40,0.113754067437019,2010,"Effects of urbanization on flowering phenology in the metropolitan phoenix region of usa: findings from herbarium records","Journal Of Arid Environments"
"defries r, 2010, land use policy","c2",85,0.064101011237201,2010,"Urbanization, the energy ladder and forest transitions in india's emerging economy","Land Use Policy"
"orenstein de, 2010, popul environ","c2",18,0.064101011237201,2010,"Population and pavement: population growth and land development in israel","Population And Environment"
"kearns ca, 2009, j insect conserv","c2",82,0.064101011237201,2009,"Environmental factors affecting bee diversity in urban and remote grassland plots in boulder, colorado","Journal Of Insect Conservation"
"rayburn ar, 2009, landscape urban plan","c2",24,0.064101011237201,2009,"Landscape change in an agricultural watershed in the us midwest","Landscape And Urban Planning"
"hogan dm, 2007, ecol appl","c2",22,0.064101011237201,2007,"Urbanization and nutrient retention in freshwater riparian wetlands","Ecological Applications"
"pejchar l, 2007, conserv biol","c2",59,0.175637323701231,2007,"Evaluating the potential for conservation development: biophysical, economic, and institutional perspectives","Conservation Biology"
"findlay sj, 2006, area","c2",80,0.113754067437019,2006,"Why rehabilitate urban river systems?","Area"
"miller w, 2005, hydrobiologia","c2",27,0.064101011237201,2005,"Managing and rehabilitating ecosystem processes in regional urban streams in australia","Hydrobiologia"
"buerkert a, 2020, front agric sci eng","c2c3",0,0.13950970119386,2020,"Toward sustainable intensification of agriculture in sub-saharan africa","Frontiers Of Agricultural Science And Engineering"
"yang cj, 2020, land-basel","c2c3",0,0.0866306673548377,2020,"Exploring the dynamics of urban greenness space and their driving factors using geographically weighted regression: a case study in wuhan metropolis, china","Land"
"kim i, 2021, environ manage","c2c3",0,0.412009064503584,2021,"Assessing the impacts of urban land use changes on regional ecosystem services according to urban green space policies via the patch-based cellular automata model","Environmental Management"
"zhang tz, 2020, int j env res pub he","c2c3",0,0.100975020728325,2020,"How human activity has changed the regional habitat quality in an eco-economic zone: evidence from poyang lake eco-economic zone, china","International Journal Of Environmental Research And Public Health"
"hu gh, 2020, landscape ecol","c2c3",2,1.05222231355271,2020,"How to minimize the impacts of urban expansion on farmland loss: developing a few large or many small cities?","Landscape Ecology"
"chamberlain d, 2020, global ecol biogeogr","c2c3",1,0.4904281650319,2020,"Wealth, water and wildlife: landscape aridity intensifies the urban luxury effect","Global Ecology And Biogeography"
"wang sw, 2020, sustainability-basel","c2c3",3,0.0866306673548383,2020,"Land use and land cover change detection and prediction in the kathmandu district of nepal using remote sensing and gis","Sustainability"
"xiao r, 2020, j clean prod","c2c3",7,0.417639512912443,2020,"Exploring the interactive coercing relationship between urbanization and ecosystem service value in the shanghai-hangzhou bay metropolitan region","Journal Of Cleaner Production"
"hack j, 2020, remote sens-basel","c2c3",2,0.0866306673548383,2020,"A conceptual approach to modeling the geospatial impact of typical urban threats on the habitat quality of river corridors","Remote Sensing"
"lin mx, 2020, ecol indic","c2c3",7,0.150888043551798,2020,"Using the eco-erosion index to assess regional ecological stress due to urbanization - a case study in the yangtze river delta urban agglomeration","Ecological Indicators"
"liu hm, 2020, j geogr sci","c2c3",5,0.212272832566847,2020,"Coupled human and natural cube: a novel framework for analyzing the multiple interactions between humans and nature","Journal Of Geographical Sciences"
"fayiah m, 2020, sustainability-basel","c2c3",4,0.260116551761244,2020,"Status and challenges of qinghai-tibet plateau's grasslands: an analysis of causes, mitigation measures, and way forward","Sustainability"
"gibas p, 2020, land-basel","c2c3",6,0.184521469762743,2020,"Analysis of land-use change between 2012-2018 in europe in terms of sustainable development","Land"
"xiao y, 2020, int j env res pub he","c2c3",1,0.109392701195008,2020,"Impact of fast urbanization on ecosystem health in mountainous regions of southwest china","International Journal Of Environmental Research And Public Health"
"stringer lc, 2020, environ sci policy","c2c3",10,0.268232070988244,2020,"Adaptation and development pathways for different types of farmers","Environmental Science & Policy"
"yuan yj, 2019, sci total environ","c2c3",6,0.416891661881752,2019,"Urban sprawl decreases the value of ecosystem services and intensifies the supply scarcity of ecosystem services in china","Science Of The Total Environment"
"hu s, 2019, int j env res pub he","c2c3",2,0.474464219645667,2019,"Spatiotemporal dynamics of ecosystem service value determined by land-use changes in the urbanization of anhui province, china","International Journal Of Environmental Research And Public Health"
"wei jz, 2019, sustainability-basel","c2c3",2,0.212272832566847,2019,"Migration of rural residents to urban areas drives grassland vegetation increase in china's loess plateau","Sustainability"
"qin gb, 2019, water-sui","c2c3",2,0.139509701193872,2019,"Phosphorus forms and associated properties along an urban-rural gradient in southern china","Water"
"sun rh, 2019, j environ manage","c2c3",1,0.182043083978227,2019,"A demand index for recreational ecosystem services associated with urban parks in beijing, china","Journal Of Environmental Management"
"fu q, 2019, processes","c2c3",2,0.11347748402309,2019,"Spatiotemporal dynamics of carbon storage in response to urbanization: a case study in the su-xi-chang region, china","Processes"
"bai lm, 2019, habitat int","c2c3",4,0.13644910118176,2019,"Influence of urbanization on regional habitat quality:a case study of changchun city","Habitat International"
"huang x, 2019, land degrad dev","c2c3",8,0.182043083978227,2019,"Monitoring ecosystem service change in the city of shenzhen by the use of high-resolution remotely sensed imagery and deep learning","Land Degradation & Development"
"yuan y, 2019, water-sui","c2c3",0,0.13644910118176,2019,"Flood-landscape ecological risk assessment under the background of urbanization","Water"
"wu yt, 2019, sustainability-basel","c2c3",2,0.842866570337269,2019,"Whether urban development and ecological protection can achieve a win-win situation-the nonlinear relationship between urbanization and ecosystem service value in china","Sustainability"
"lyu rf, 2019, ecol res","c2c3",7,0.122296316888494,2019,"Modeling the effects of urban expansion on regional carbon storage by coupling sleuth-3r model and invest model","Ecological Research"
"yang yy, 2019, sustainability-basel","c2c3",1,0.439996921457017,2019,"Temporal changes in multiple ecosystem services and their bundles responding to urbanization and ecological restoration in the beijing-tianjin-hebei metropolitan area","Sustainability"
"van vliet j, 2019, comput environ urban","c2c3",13,0.150888043551798,2019,"Beyond the urban-rural dichotomy: towards a more nuanced analysis of changes in built-up land","Computers Environment And Urban Systems"
"zipper sc, 2018, j hydrol","c2c3",8,0.380524790377122,2018,"Continuous separation of land use and climate effects on the past and future water balance","Journal Of Hydrology"
"mao dh, 2018, land degrad dev","c2c3",70,0.335846021735522,2018,"China's wetlands loss to urban expansion","Land Degradation & Development"
"xie t, 2018, environ pollut","c2c3",22,0.182043083978227,2018,"Evaluation of the natural attenuation capacity of urban residential soils with ecosystem-service performance index (epx) and entropy-weight methods","Environmental Pollution"
"chen jy, 2018, peerj","c2c3",4,0.301186599138768,2018,"Spatio-temporal evolution of water-related ecosystem services: taihu basin, china","Peerj"
"xue mg, 2018, j urban plan dev","c2c3",7,0.630511754838005,2018,"Optimized land-use scheme based on ecosystem service value: case study of taiyuan, china","Journal Of Urban Planning And Development"
"quintal al, 2018, environ urban asia","c2c3",2,0.109392701195008,2018,"Forecasting urban expansion in the seven lakes area in san pablo city, laguna, the philippines using the land transformation model","Environment And Urbanization Asia"
"lyu rf, 2018, chin j popul resour","c2c3",1,0.13644910118176,2018,"Integrating ecosystem services evaluation and landscape pattern analysis into urban planning based on scenario prediction and regression model","Chinese Journal Of Population Resources And Environment"
"jin k, 2018, sustainability-basel","c2c3",9,0.474770360944495,2018,"Responses of vegetation cover to environmental change in large cities of china","Sustainability"
"liu jx, 2017, habitat int","c2c3",16,0.109392701195008,2017,"A new perspective for urban development boundary delineation based on sleuth-invest model","Habitat International"
"martinez-harms mj, 2017, ecosyst serv","c2c3",31,0.212272832566847,2017,"Scenarios for land use and ecosystem services under global change","Ecosystem Services"
"nigussie ta, 2017, j urban plan dev","c2c3",5,0.139509701193872,2017,"Modeling urbanization of istanbul under different scenarios using sleuth urban growth model","Journal Of Urban Planning And Development"
"yi hc, 2017, ecol econ","c2c3",40,0.26212458178427,2017,"Impacts of land change on ecosystem services in the san antonio river basin, texas, from 1984 to 2010","Ecological Economics"
"torre cm, 2017, sustainability-basel","c2c3",15,0.168048679063171,2017,"Saving soil for sustainable land use","Sustainability"
"sun rh, 2017, ecosyst serv","c2c3",59,0.13644910118176,2017,"Effects of green space dynamics on urban heat islands: mitigation and diversification","Ecosystem Services"
"liang j, 2017, sci total environ","c2c3",52,0.150888043551798,2017,"Risk management for optimal land use planning integrating ecosystem services values: a case study in changsha, middle china","Science Of The Total Environment"
"yirsaw e, 2017, appl ecol env res","c2c3",3,0.251418909438552,2017,"Socioeconomic drivers of spatio-temporal land use/land cover changes in a rapidly urbanizing area of china, the su-xi-chang region","Applied Ecology And Environmental Research"
"cai yb, 2016, sustainability-basel","c2c3",15,0.842866570337269,2016,"Analyzing three-decadal patterns of land use/land cover change and regional ecosystem services at the landscape level: case study of two coastal metropolitan regions, eastern china","Sustainability"
"auch rf, 2016, forests","c2c3",0,0.0866306673548383,2016,"Regional differences in upland forest to developed (urban) land cover conversions in the conterminous us, 1973-2011","Forests"
"song xq, 2016, int j env res pub he","c2c3",8,0.40621498662547,2016,"Change in environmental benefits of urban land use and its drivers in chinese cities, 2000-2010","International Journal Of Environmental Research And Public Health"
"mayer al, 2016, bioscience","c2c3",20,0.361558362007497,2016,"How landscape ecology informs global land-change science and policy","Bioscience"
"yirsaw e, 2016, appl ecol env res","c2c3",17,0.460118156681319,2016,"Effect of temporal land use/land cover changes on ecosystem services value in coastal area of china: the case of su-xi-chang region","Applied Ecology And Environmental Research"
"kabenge m, 2016, environ sci pollut r","c2c3",7,0.0866306673548383,2016,"Urban eutrophication and its spurring conditions in the murchison bay of lake victoria","Environmental Science And Pollution Research"
"remondi f, 2016, sustain cities soc","c2c3",36,0.150888043551798,2016,"Exploring the hydrological impact of increasing urbanisation on a tropical river catchment of the metropolitan jakarta, indonesia","Sustainable Cities And Society"
"estoque rc, 2015, land use policy","c2c3",54,0.139509701193872,2015,"Intensity and spatial pattern of urban land changes in the megacities of southeast asia","Land Use Policy"
"andersen cb, 2015, land-basel","c2c3",8,0.41234126819239,2015,"Human appropriation of net primary production (hanpp) in an agriculturally-dominated watershed, southeastern usa","Land"
"mellino s, 2015, ecol inform","c2c3",9,0.109392701195008,2015,"Mapping the evolution of impervious surfaces to investigate landscape metabolism: an emergy-gis monitoring application","Ecological Informatics"
"youngsteadt e, 2015, global change biol","c2c3",21,0.24708141074046,2015,"Habitat and species identity, not diversity, predict the extent of refuse consumption by urban arthropods","Global Change Biology"
"huff ak, 2015, environ health insig","c2c3",4,0.0866306673548383,2015,"Monitoring the impacts of wildfires on forest ecosystems and public health in the exo-urban environment using high-resolution satellite aerosol products from the visible infrared imaging radiometer suite (viirs)","Environmental Health Insights"
"liu y, 2014, habitat int","c2c3",57,0.212158677021894,2014,"Environmental effects of land-use/cover change caused by urbanization and policies in southwest china karst area a case study of guiyang","Habitat International"
"griffin mp, 2014, water resour res","c2c3",3,0.150888043551798,2014,"Storm-event flow pathways in lower coastal plain forested watersheds of the southeastern united states","Water Resources Research"
"lowenstein dm, 2014, biodivers conserv","c2c3",57,0.0724651131176603,2014,"Humans, bees, and pollination services in the city: the case of chicago, il (usa)","Biodiversity And Conservation"
"hoyer r, 2014, appl geogr","c2c3",64,0.212272832566847,2014,"Assessment of freshwater ecosystem services in the tualatin and yamhill basins under climate change and urbanization","Applied Geography"
"angonese jg, 2014, landscape urban plan","c2c3",22,0.130931810886417,2014,"Assessment of swaps and persistence in land cover changes in a subtropical periurban region, nw argentina","Landscape And Urban Planning"
"van leeuwen cj, 2012, water resour manag","c2c3",78,0.268232070988244,2012,"City blueprints: 24 indicators to assess the sustainability of the urban water cycle","Water Resources Management"
"su sl, 2012, appl geogr","c2c3",203,0.333214547950408,2012,"Characterizing landscape pattern and ecosystem service value changes for urbanization impacts at an eco-regional scale","Applied Geography"
"del tredici p, 2010, nat cult","c2c3",42,0.212272832566847,2010,"Spontaneous urban vegetation: reflections of change in a globalized world","Nature + Culture"
"jenerette gd, 2006, ecol econ","c2c3",36,0.439078042525239,2006,"Linking ecological footprints with ecosystem valuation in the provisioning of urban freshwater","Ecological Economics"
"jenerette gd, 2006, global planet change","c2c3",103,0.595515955362469,2006,"A global perspective on changing sustainable urban water supplies","Global And Planetary Change"
"ancog r, 2015, habitat int","c2c3c4",9,1.06168606353798,2015,"Urbanization adjacent to a wetland of international importance: the case of olango island wildlife sanctuary, metro cebu, philippines","Habitat International"
"moussa s, 2020, urban ecosyst","c2c4",1,1.36480700445015,2020,"Diversity and structure of urban forests of sahel cities in niger","Urban Ecosystems"
"gozlan re, 2019, inland waters","c2c4",15,1.36480700445015,2019,"Status, trends, and future dynamics of freshwater ecosystems in europe and central asia","Inland Waters"
"hill mj, 2017, global change biol","c2c4",66,2.37353263344175,2017,"Urban ponds as an aquatic biodiversity resource in modified landscapes","Global Change Biology"
"southon ge, 2017, landscape urban plan","c2c4",68,1.36480700445015,2017,"Biodiverse perennial meadows have aesthetic value and increase residents' perceptions of site quality in urban green-space","Landscape And Urban Planning"
"straka tm, 2016, ecol evol","c2c4",28,1.90373867401531,2016,"Urban bat communities are affected by wetland size, quality, and pollution levels","Ecology And Evolution"
"quintas-soriano c, 2016, land use policy","c2c4",76,0.946943633323841,2016,"Impacts of land use change on ecosystem services and implications for human well-being in spanish drylands","Land Use Policy"
"brown lm, 2015, j appl ecol","c2c4",10,0.946943633323841,2015,"Demography, traits and vulnerability to urbanization: can we make generalizations?","Journal Of Applied Ecology"
"scolozzi r, 2014, j environ manage","c2c4",34,1.6776281498898,2014,"Ecosystem services-based swot analysis of protected areas for conservation strategies","Journal Of Environmental Management"
"burkman ce, 2014, biol control","c2c4",43,1.21967270583806,2014,"Urban greenspace composition and landscape context influence natural enemy community composition and function","Biological Control"
"philpott sm, 2014, urban ecosyst","c2c4",58,0.946943633323841,2014,"Local and landscape drivers of arthropod abundance, richness, and trophic composition in urban habitats","Urban Ecosystems"
"sodhi ns, 2010, biol conserv","c2c4",186,0.946943633323841,2010,"Conserving southeast asian forest biodiversity in human-modified landscapes","Biological Conservation"
"cui xz, 2020, ecol model","c3",0,0.0715936997007194,2020,"Examining spatial carbon metabolism: features, future simulation, and land-based mitigation","Ecological Modelling"
"stuhlmacher m, 2020, land use policy","c3",1,0.10173229632415,2020,"Environmental outcomes of urban land system change: comparing riparian design approaches in the phoenix metropolitan area","Land Use Policy"
"yin dy, 2020, land-basel","c3",0,0.10125077337577,2020,"Spatio-temporal evolution of land use transition and its eco-environmental effects: a case study of the yellow river basin, china","Land"
"kuenzer c, 2020, ocean coast manage","c3",0,0.0611700560358104,2020,"Profiling resilience and adaptation in mega deltas: a comparative assessment of the mekong, yellow, yangtze, and rhine deltas","Ocean & Coastal Management"
"zhang f, 2020, phys chem earth","c3",0,0.144333993133437,2020,"Effects of land use and land cover change on carbon sequestration and adaptive management in shanghai, china","Physics And Chemistry Of The Earth"
"yang ym, 2020, sustain cities soc","c3",0,0.26840640043047,2020,"Direct and indirect losses of natural habitat caused by future urban expansion in the transnational area of changbai mountain","Sustainable Cities And Society"
"jingu s, 2020, land-basel","c3",0,0.0230583580229996,2020,"Temporal continuities of grasslands and forests as patches of natural land in urban landscapes: a case study of the tsukuba science city","Land"
"nie x, 2020, ecol indic","c3",0,0.268406400430451,2020,"Increase or decrease? Integrating the clumondo and invest models to assess the impact of the implementation of the major function oriented zone planning on carbon storage","Ecological Indicators"
"tang mg, 2020, j clean prod","c3",2,0.101250773375763,2020,"How does land urbanization promote urban eco-efficiency? The mediating effect of industrial structure advancement","Journal Of Cleaner Production"
"zhou t, 2021, environ manage","c3",0,0.268406400430465,2021,"Which should be conserved according to priority during urban expansion? Ecological lands or farmland?","Environmental Management"
"luo y, 2020, sci total environ","c3",1,0.0230583580229984,2020,"Spatiotemporal scale and integrative methods matter for quantifying the driving forces of land cover change","Science Of The Total Environment"
"wang xg, 2020, remote sens-basel","c3",0,0.624859687448972,2020,"Impacts of urbanization on the ecosystem services in the guangdong-hong kong-macao greater bay area, china","Remote Sensing"
"chang yy, 2020, sustainability-basel","c3",0,0.10125077337577,2020,"Vegetation dynamics and their response to the urbanization of the beijing-tianjin-hebei region, china","Sustainability"
"tang f, 2020, ecol indic","c3",0,0.160301789249272,2020,"Land-use change in changli county, china: predicting its spatio-temporal evolution in habitat quality","Ecological Indicators"
"wu cy, 2020, ecol indic","c3",2,0.268360011946737,2020,"Effect of land-use change and optimization on the ecosystem service values of jiangsu province, china","Ecological Indicators"
"zhang yz, 2020, j clean prod","c3",2,0.101732296324146,2020,"A highly integrated, expansible, and comprehensive analytical framework for urban ecological land: a case study in guangzhou, china","Journal Of Cleaner Production"
"jiang w, 2020, sustainability-basel","c3",0,0.745171910370136,2020,"Assessing impacts of land use/land cover conversion on changes in ecosystem services value on the loess plateau, china","Sustainability"
"engemann k, 2020, environ res","c3",3,0.101732296324146,2020,"Associations between growing up in natural environments and subsequent psychiatric disorders in denmark","Environmental Research"
"kuang wh, 2020, land use policy","c3",4,1.04980649024605,2020,"National urban land-use/cover change since the beginning of the 21st century and its policy implications in china","Land Use Policy"
"kadaverugu a, 2021, model earth syst env","c3",0,0.160301789249272,2021,"Quantification of flood mitigation services by urban green spaces using invest model: a case study of hyderabad city, india","Modeling Earth Systems And Environment"
"huang ld, 2020, hydrol res","c3",1,0.0611700560358109,2020,"Impact of rural depopulation and climate change on vegetation, runoff and sediment load in the gan river basin, china","Hydrology Research"
"jia qm, 2020, ecol indic","c3",0,0.268360011946737,2020,"Modeling urban eco-environmental sustainability under uncertainty: interval double-sided chance-constrained programming with spatial analysis","Ecological Indicators"
"riao d, 2020, sustainability-basel","c3",2,0.563141398010151,2020,"Study on land use/cover change and ecosystem services in harbin, china","Sustainability"
"liu lw, 2020, int j env res pub he","c3",1,0.101250773375766,2020,"Identifying the impact of landscape pattern on ecosystem services in the middle reaches of the yangtze river urban agglomerations, china","International Journal Of Environmental Research And Public Health"
"da conceicao aa, 2020, wetlands","c3",0,0.07752450147476,2020,"Influence of anthropic impacts on the functional structure of aquatic invertebrates in subtropical wetlands","Wetlands"
"akubia jek, 2020, land-basel","c3",1,0.101732296324146,2020,"Assessing how land-cover change associated with urbanisation affects ecological sustainability in the greater accra metropolitan area, ghana","Land"
"wang hn, 2020, sustainability-basel","c3",1,0.513393292548074,2020,"Assessing the impacts of urban expansion on habitat quality by combining the concepts of land use, landscape, and habitat in two urban agglomerations in china","Sustainability"
"mashizi ak, 2020, j arid environ","c3",3,0.160301789249272,2020,"Socio-ecological assessment of threats to semi-arid rangeland habitat in iran using spatial models and actor group opinions","Journal Of Arid Environments"
"alijani z, 2020, j environ manage","c3",5,0.178511912055202,2020,"Spatio-temporal evolution of agricultural land use change drivers: a case study from chalous region, iran","Journal Of Environmental Management"
"ma rm, 2020, isprs int j geo-inf","c3",2,0.129750157439366,2020,"Evaluating responses of temperature regulating service to landscape pattern based on 'source-sink' theory","Isprs International Journal Of Geo-Information"
"yang x, 2020, water supply","c3",2,0.160301789249272,2020,"Modelling water yield with the invest model in a data scarce region of northwest china","Water Supply"
"song sx, 2020, ecol indic","c3",5,0.268406400430465,2020,"Evaluating the effects of urban expansion on natural habitat quality by coupling localized shared socioeconomic pathways and the land use scenario dynamics-urban model","Ecological Indicators"
"fenoglio ms, 2020, global ecol biogeogr","c3",6,0.07752450147476,2020,"Negative effects of urbanization on terrestrial arthropod communities: a meta-analysis","Global Ecology And Biogeography"
"de oliveira br, 2020, j environ plann man","c3",4,0.0281543337939976,2020,"A multiscale analysis of land use dynamics in the buffer zone of rio doce state park, minas gerais, brazil","Journal Of Environmental Planning And Management"
"jin zf, 2020, environ sci pollut r","c3",0,0.564787117896459,2020,"Combining habitat area and fragmentation change for ecological disturbance assessment in jiangsu province, china","Environmental Science And Pollution Research"
"zhang c, 2020, forests","c3",0,0.125152159394497,2020,"How well do three tree species adapt to the urban environment in guangdong-hongkong-macao greater bay area of china regarding their growth patterns and ecosystem services?","Forests"
"liu yb, 2020, ecol indic","c3",14,0.125152159394497,2020,"Assessing and predicting changes in ecosystem service values based on land use/cover change in the bohai rim coastal zone","Ecological Indicators"
"he zc, 2020, j clean prod","c3",1,0.101250773375766,2020,"Evidence of causality between economic growth and vegetation dynamics and implications for sustainability policy in chinese cities","Journal Of Cleaner Production"
"lu ss, 2020, j environ manage","c3",4,0.101250773375766,2020,"The assessment of forest ecological security and its determining indicators: a case study of the yangtze river economic belt in china","Journal Of Environmental Management"
"zheng d, 2020, sustainability-basel","c3",2,0.268406400430465,2020,"Spatio-temporal evolution of urban morphology in the yangtze river middle reaches megalopolis, china","Sustainability"
"caglayan i, 2020, appl geogr","c3",1,0.0281543337939976,2020,"Mapping of recreation suitability in the belgrad forest stands","Applied Geography"
"shifaw e, 2020, environ dev sustain","c3",3,0.268406400430465,2020,"Remote sensing and gis-based analysis of urban dynamics and modelling of its drivers, the case of pingtan, china","Environment Development And Sustainability"
"wang y, 2020, j clean prod","c3",4,0.125152159394497,2020,"Effects of rapid urbanization on ecological functional vulnerability of the land system in wuhan, china: a flow and stock perspective","Journal Of Cleaner Production"
"brasil ls, 2020, environ monit assess","c3",3,0.07752450147476,2020,"Aquatic insects and their environmental predictors: a scientometric study focused on environmental monitoring in lotic environmental","Environmental Monitoring And Assessment"
"zhang gs, 2020, sci total environ","c3",3,0.071593699700712,2020,"Assessing the role of high-speed rail in shaping the spatial patterns of urban and rural development: a case of the middle reaches of the yangtze river, china","Science Of The Total Environment"
"engemann k, 2020, schizophr res","c3",6,0.101732296324146,2020,"Natural surroundings in childhood are associated with lower schizophrenia rates","Schizophrenia Research"
"wang xf, 2020, chinese geogr sci","c3",2,0.392752698785513,2020,"Trade-offs and synergies of ecosystem services in karst area of china driven by grain-for-green program","Chinese Geographical Science"
"zhuang l, 2020, scientometrics","c3",3,0.101250773375766,2020,"Intertwining globality and locality: bibliometric analysis based on the top geography annual conferences in america and china","Scientometrics"
"mansour s, 2020, land use policy","c3",14,0.403232222010645,2020,"Monitoring land use and land cover changes in the mountainous cities of oman using gis and ca-markov modelling techniques","Land Use Policy"
"zhang yz, 2020, land use policy","c3",0,0.160301789249272,2020,"Tendency of land reclamation in coastal areas of shanghai from 1998 to 2015","Land Use Policy"
"huang jm, 2020, environ sci pollut r","c3",0,0.101250773375766,2020,"Research on recognition and protection of ecological security patterns based on circuit theory: a case study of jinan city","Environmental Science And Pollution Research"
"chen wx, 2020, sci total environ","c3",19,0.101250773375766,2020,"Land use transitions and the associated impacts on ecosystem services in the middle reaches of the yangtze river economic belt in china based on the geo-informatic tupu method","Science Of The Total Environment"
"vialle a, 2020, urban plan","c3",1,0.0230583580229991,2020,"Mapping urbanization as an anthropedogenetic process: a section through the times of urban soils","Urban Planning"
"ustaoglu e, 2020, urban for urban gree","c3",1,0.0281543337939976,2020,"Site suitability analysis for green space development of pendik district (turkey)","Urban Forestry & Urban Greening"
"zhong y, 2020, remote sens-basel","c3",8,0.101732296324146,2020,"Spatiotemporal dynamics and driving forces of urban land-use expansion: a case study of the yangtze river economic belt, china","Remote Sensing"
"qu s, 2020, ecol indic","c3",15,0.0611700560358109,2020,"Distinguishing the impacts of climate change and anthropogenic factors on vegetation dynamics in the yangtze river basin, china","Ecological Indicators"
"sadat m, 2020, environ dev sustain","c3",0,0.160301789249272,2020,"Spatiotemporal modeling of urban land cover changes and carbon storage ecosystem services: case study in qaem shahr county, iran","Environment Development And Sustainability"
"xu f, 2019, reg environ change","c3",2,0.30053656388892,2019,"Spatiotemporal variations of land use intensity and its driving forces in china, 2000-2010","Regional Environmental Change"
"ferreira lmr, 2019, desenvolv meio ambie","c3",0,0.268406400430465,2019,"Spatial and temporal changes of the ecosystem services availability in a microwatershed in northeast brazil","Desenvolvimento E Meio Ambiente"
"tong ly, 2019, habitat int","c3",4,0.592195514631548,2019,"Hierarchically measuring urban expansion in fast urbanizing regions using multi-dimensional metrics: a case of wuhan metropolis, china","Habitat International"
"liao jf, 2019, ecol indic","c3",7,0.268406400430465,2019,"Urban sprawl scenario simulations based on cellular automata and ordered weighted averaging ecological constraints","Ecological Indicators"
"yin ch, 2019, j clean prod","c3",4,0.101250773375766,2019,"Spatiotemporal changes in ecologically functional land in china: a quantity-quality coupled perspective","Journal Of Cleaner Production"
"salata s, 2019, sustainability-basel","c3",0,0.0281543337939976,2019,"A framework to evaluate land take control policy efficiency in friuli venezia giulia, italy","Sustainability"
"zhou l, 2019, water-sui","c3",0,0.07752450147476,2019,"Correlations of stormwater runoff and quality: urban pavement and property value by land use at the parcel level in a small sized american city","Water"
"wang ly, 2019, chinese geogr sci","c3",8,0.101250773375766,2019,"Spatial and temporal changes of arable land driven by urbanization and ecological restoration in china","Chinese Geographical Science"
"yang ym, 2019, sustain cities soc","c3",6,0.268406400430465,2019,"Modeling urban expansion in the transnational area of changbai mountain: a scenario analysis based on the zoned land use scenario dynamics-urban model","Sustainable Cities And Society"
"sun yx, 2019, sci total environ","c3",11,0.125152159394497,2019,"Spatio-temporal evolution scenarios and the coupling analysis of ecosystem services with land use change in china","Science Of The Total Environment"
"deng js, 2019, ecosyst health sust","c3",1,0.125152159394497,2019,"Ecosystem services dynamics response to tremendous reclamation in a coastal island city","Ecosystem Health And Sustainability"
"wang j, 2019, sustainability-basel","c3",0,0.350424649468647,2019,"Economic globalization impacts on the ecological environment of inland developing countries: a case study of laos from the perspective of the land use/cover change","Sustainability"
"xu lt, 2019, sustainability-basel","c3",8,0.160301789249272,2019,"Impacts of land-use change on habitat quality during 1985-2015 in the taihu lake basin","Sustainability"
"lyu rf, 2019, appl geogr","c3",10,0.125152159394497,2019,"Spatial correlations among ecosystem services and their socio-ecological driving factors: a case study in the city belt along the yellow river in ningxia, china","Applied Geography"
"pan hz, 2019, ecol indic","c3",25,0.125152159394497,2019,"A dynamic and spatially explicit modeling approach to identify the ecosystem service implications of complex urban systems interactions","Ecological Indicators"
"liu zf, 2019, landscape urban plan","c3",18,0.101250773375766,2019,"The impairment of environmental sustainability due to rapid urbanization in the dryland region of northern china","Landscape And Urban Planning"
"wen yy, 2019, j environ manage","c3",12,0.864485521900509,2019,"Determining the impacts of climate change and urban expansion on terrestrial net primary production in china","Journal Of Environmental Management"
"chen wx, 2019, sci total environ","c3",25,0.101250773375766,2019,"The spatial association of ecosystem services with land use and land cover change at the county level in china, 1995-2015","Science Of The Total Environment"
"qian yg, 2019, phys chem earth","c3",1,0.268406400430465,2019,"Quantifying spatial pattern of urban greenspace from a gradient perspective of built-up age","Physics And Chemistry Of The Earth"
"juanita ad, 2019, ecosyst serv","c3",9,0.354661500981185,2019,"Assessing the effects of past and future land cover changes in ecosystem services, disservices and biodiversity: a case study in barranquilla metropolitan area (bma), colombia","Ecosystem Services"
"wang ss, 2019, ecol model","c3",4,0.129750157439366,2019,"Temporal-spatial changes about the landscape pattern of water system and their relationship with food and energy in a mega city in china","Ecological Modelling"
"yu m, 2019, sci total environ","c3",7,0.125152159394497,2019,"Response of agricultural multifunctionality to farmland loss under rapidly urbanizing processes in yangtze river delta, china","Science Of The Total Environment"
"ren k, 2019, sustainability-basel","c3",0,0.125152159394497,2019,"Social landscape optimization of towns and villages at the county level by developing a compound ecological capital system","Sustainability"
"beaumont nj, 2019, mar pollut bull","c3",79,0.125152159394497,2019,"Global ecological, social and economic impacts of marine plastic","Marine Pollution Bulletin"
"mousivand a, 2019, appl geogr","c3",7,0.0611700560358109,2019,"Insights on the historical and emerging global land cover changes: the case of esa-cci-lc datasets","Applied Geography"
"yan fq, 2019, ecol eng","c3",7,0.338275191454275,2019,"Ecosystem service decline in response to wetland loss in the sanjiang plain, northeast china","Ecological Engineering"
"peng j, 2019, land degrad dev","c3",7,0.101250773375766,2019,"Spatial identification of conservation priority areas for urban ecological land: an approach based on water ecosystem services","Land Degradation & Development"
"yuan sf, 2019, int j env res pub he","c3",3,0.07752450147476,2019,"Responses of ecosystem services to urbanization-induced land use changes in ecologically sensitive suburban areas in hangzhou, china","International Journal Of Environmental Research And Public Health"
"chen wx, 2019, land use policy","c3",13,0.101250773375766,2019,"Analyzing requisition-compensation balance of farmland policy in china through telecoupling: a case study in the middle reaches of yangtze river urban agglomerations","Land Use Policy"
"malik m, 2019, environ monit assess","c3",2,0.291652824678578,2019,"Drivers of land use/cover change and its impact on pong dam wetland","Environmental Monitoring And Assessment"
"li q, 2019, sci total environ","c3",8,0.0281543337939976,2019,"Multifactor-based environmental risk assessment for sustainable land-use planning in shenzhen, china","Science Of The Total Environment"
"shifaw e, 2019, land use policy","c3",14,0.129750157439366,2019,"An insight into land-cover changes and their impacts on ecosystem services before and after the implementation of a comprehensive experimental zone plan in pingtan island, china","Land Use Policy"
"corbau c, 2019, j environ manage","c3",4,0.07752450147476,2019,"Quantifying the impacts of the human activities on the evolution of po delta it territory during the last 120 years","Journal Of Environmental Management"
"li sc, 2019, remote sens-basel","c3",30,0.125152159394497,2019,"Spatially explicit mapping of soil conservation service in monetary units due to land use/cover change for the three gorges reservoir area, china","Remote Sensing"
"tripathi r, 2019, environ monit assess","c3",3,0.268360011946737,2019,"Ecosystem services in different agro-climatic zones in eastern india: impact of land use and land cover change","Environmental Monitoring And Assessment"
"zhao j, 2019, j environ eng landsc","c3",0,0.624859687448972,2019,"Analyzing and modeling the spatiotemporal dynamics of urban expansion: a case study of hangzhou city, china","Journal Of Environmental Engineering And Landscape Management"
"molina-rico lj, 2019, rev colomb cienc soc","c3",1,0.07752450147476,2019,"Territorial transformations, movements and changes in ecosystem sistem services, armenia, colombia","Revista Colombiana De Ciencias Sociales"
"shi yf, 2019, appl ecol env res","c3",0,0.07752450147476,2019,"Effect of land creation on regional ecological environment: a case study for lanzhou city, china","Applied Ecology And Environmental Research"
"fan j, 2019, earths future","c3",5,0.101250773375766,2019,"Reshaping the sustainable geographical pattern: a major function zoning model and its applications in china","Earths Future"
"li sj, 2019, environ sci pollut r","c3",9,0.07752450147476,2019,"Spatial distribution of heavy metal concentrations in peri-urban soils in eastern china","Environmental Science And Pollution Research"
"estoque rc, 2018, forest ecol manag","c3",3,0.404068628562872,2018,"Changes in the landscape pattern of the la mesa watershed - the last ecological frontier of metro manila, philippines","Forest Ecology And Management"
"song m, 2018, sustainability-basel","c3",0,0.101250773375766,2018,"A coupling relationship between the eco-environment carrying capacity and new-type urbanization: a case study of the wuhan metropolitan area in china","Sustainability"
"wang yh, 2018, ecosyst serv","c3",26,0.071593699700712,2018,"Land use/land cover change and the effects on ecosystem services in the hengduan mountain region, china","Ecosystem Services"
"ge yw, 2018, sci total environ","c3",12,0.101250773375766,2018,"Long-term succession of aquatic plants reconstructed from palynological records in a shallow freshwater lake","Science Of The Total Environment"
"xu eq, 2018, remote sens-basel","c3",6,0.071593699700712,2018,"An elevation-based stratification model for simulating land use change","Remote Sensing"
"chu l, 2018, sustainability-basel","c3",17,0.513393292548074,2018,"Evolution and prediction of landscape pattern and habitat quality based on ca-markov and invest model in hubei section of three gorges reservoir area (tgra)","Sustainability"
"maragno d, 2018, ecol model","c3",22,0.101732296324146,2018,"Fine-scale analysis of urban flooding reduction from green infrastructure: an ecosystem services approach for the management of water flows","Ecological Modelling"
"wu q, 2018, environ sci pollut r","c3",8,0.07752450147476,2018,"The way forward confronting eco-environmental challenges during land-use practices: a bibliometric analysis","Environmental Science And Pollution Research"
"kang p, 2018, sci total environ","c3",35,0.125152159394497,2018,"Linking ecosystem services and ecosystem health to ecological risk assessment: a case study of the beijing-tianjin-hebei urban agglomeration","Science Of The Total Environment"
"yan yy, 2018, mar pollut bull","c3",7,0.0611700560358109,2018,"Assessment of nitrogen reduction by constructed wetland based on invest: a case study of the jiulong river watershed, china","Marine Pollution Bulletin"
"li zm, 2018, sustainability-basel","c3",9,0.0281543337939976,2018,"Urban green space suitability evaluation based on the ahp-cv combined weight method: a case study of fuping county, china","Sustainability"
"li y, 2018, sustainability-basel-a","c3",3,0.160301789249272,2018,"Assessment of blue carbon storage loss in coastal wetlands under rapid reclamation","Sustainability"
"fan j, 2018, land degrad dev","c3",6,0.07752450147476,2018,"Assessment of coastal development policy based on simulating a sustainable land-use scenario for liaoning coastal zone in china","Land Degradation & Development"
"guan qy, 2018, remote sens-basel","c3",13,0.071593699700712,2018,"Greening and browning of the hexi corridor in northwest china: spatial patterns and responses to climatic variability and anthropogenic drivers","Remote Sensing"
"colantoni a, 2018, sustainability-basel","c3",1,0.268406400430465,2018,"Clustering or scattering? The spatial distribution of cropland in a metropolitan region, 1960-2010","Sustainability"
"li j, 2018, land use policy","c3",6,1.05804304310401,2018,"Exploring the socioeconomic and ecological consequences of cash crop cultivation for policy implications","Land Use Policy"
"meineke ek, 2018, j appl ecol","c3",17,0.0611700560358109,2018,"Water availability drives urban tree growth responses to herbivory and warming","Journal Of Applied Ecology"
"hu yn, 2018, sci total environ","c3",49,0.160301789249272,2018,"Integrating ecosystem services trade-offs with paddy land-to-dry land decisions: a scenario approach in erhai lake basin, southwest china","Science Of The Total Environment"
"sun x, 2018, sci total environ","c3",57,0.160301789249272,2018,"Urban expansion simulation and the spatio-temporal changes of ecosystem services, a case study in atlanta metropolitan area, usa","Science Of The Total Environment"
"zhang y, 2018, sustainability-basel","c3",0,0.071593699700712,2018,"Scenarios simulation of spatio-temporal land use changes for exploring sustainable management strategies","Sustainability"
"jia zm, 2018, sustainability-basel","c3",13,0.071593699700712,2018,"Simulating spatial-temporal changes of land-use based on ecological redline restrictions and landscape driving factors: a case study in beijing","Sustainability"
"wang j, 2018, land degrad dev","c3",22,0.125152159394497,2018,"The role of human activity in decreasing ecologically sound land use in china","Land Degradation & Development"
"li c, 2018, sustainability-basel","c3",3,0.758073981258459,2018,"Assessment of the effects of urban expansion on terrestrial carbon storage: a case study in xuzhou city, china","Sustainability"
"fan hq, 2018, habitat int","c3",0,0.912254336773597,2018,"Modeling the dynamics of urban and ecological binary space for regional coordination: a case of fuzhou coastal areas in southeast china","Habitat International"
"song m, 2018, sustainability-basel-a","c3",3,0.101250773375766,2018,"How does the ecological well-being of urban and rural residents change with rural-urban land conversion? The case of hubei, china","Sustainability"
"kaushal ss, 2018, p natl acad sci usa","c3",131,0.07752450147476,2018,"Freshwater salinization syndrome on a continental scale","Proceedings Of The National Academy Of Sciences Of The United States Of America"
"xie wx, 2018, ecol indic","c3",40,0.268406400430465,2018,"Projecting the impacts of urban expansion on simultaneous losses of ecosystem services: a case study in beijing, china","Ecological Indicators"
"he jh, 2017, ecol model","c3",36,0.160301789249272,2017,"The evaluation for the impact of land use change on habitat quality: a joint contribution of cellular automata scenario simulation and habitat quality assessment model","Ecological Modelling"
"lu x, 2017, land use policy","c3",23,0.101250773375766,2017,"Monitoring cropland transition and its impact on ecosystem services value in developed regions of china: a case study of jiangsu province","Land Use Policy"
"wang zf, 2017, landsc archit front","c3",1,0.125152159394497,2017,"Ecosystem disservice research into urban problem diagnosis","Landscape Architecture Frontiers"
"qiu ss, 2017, isl stud j","c3",9,0.390306988553222,2017,"Island ecosystem services value, land-use change, and the national new area policy in zhoushan archipelago, china","Island Studies Journal"
"sun x, 2017, j clean prod","c3",12,0.101250773375766,2017,"Integrative assessment and management implications on ecosystem services loss of coastal wetlands due to reclamation","Journal Of Cleaner Production"
"lang yq, 2017, phys chem earth","c3",24,1.0869973220045,2017,"Responses of the water-yield ecosystem service to climate and land use change in sancha river basin, china","Physics And Chemistry Of The Earth"
"du xj, 2017, ecol indic","c3",42,0.071593699700712,2017,"Ecological and environmental effects of land use change in rapid urbanization: the case of hangzhou, china","Ecological Indicators"
"zhang d, 2017, resour conserv recy","c3",68,0.683743247014858,2017,"Impacts of urban expansion on ecosystem services in the beijing-tianjin-hebei urban agglomeration, china: a scenario analysis based on the shared socioeconomic pathways","Resources Conservation And Recycling"
"hauser lt, 2017, appl geogr","c3",18,0.142906432754885,2017,"Uncovering the spatio-temporal dynamics of land cover change and fragmentation of mangroves in the ca mau peninsula, vietnam using multi-temporal spot satellite imagery (2004-2013)","Applied Geography"
"wang xh, 2017, open house int","c3",1,0.0281543337939976,2017,"Spatiotemporal dynamics of urban parks and their driving forces in xi'an, china from 1949 to 2015","Open House International"
"mei y, 2017, water-sui","c3",3,0.358094714782324,2017,"The impact of cropland balance policy on ecosystem service of water purification-a case study of wuhan, china","Water"
"davies hj, 2017, environ res","c3",33,0.0611700560358109,2017,"Challenges for tree officers to enhance the provision of regulating ecosystem services from urban forests","Environmental Research"
"oliveira tm, 2017, land use policy","c3",18,0.0230583580229991,2017,"Is portugal's forest transition going up in smoke?","Land Use Policy"
"zhang l, 2017, catena","c3",41,0.071593699700712,2017,"Analysis of streamflow responses to climate variability and land use change in the loess plateau region of china","Catena"
"cao wt, 2017, ecol indic","c3",23,0.338275191454275,2017,"Island urbanization and its ecological consequences: a case study in the zhoushan island, east china","Ecological Indicators"
"yao x, 2017, sustainability-basel","c3",5,0.0611700560358109,2017,"What causal drivers influence carbon storage in shanghai, china's urban and peri-urban forests?","Sustainability"
"usinowicz j, 2017, ecosystems","c3",9,0.278473398308249,2017,"Flashiness and flooding of two lakes in the upper midwest during a century of urbanization and climate change","Ecosystems"
"zhu gr, 2017, acta oceanol sin","c3",2,0.392752698785513,2017,"The ecological cost of land reclamation and its enlightenment to coast sustainable development in the northwestern bohai bay, china","Acta Oceanologica Sinica"
"jiang wg, 2017, ecol model","c3",42,0.758073981258459,2017,"Modelling the potential impacts of urban ecosystem changes on carbon storage under different scenarios by linking the clue-s and the invest models","Ecological Modelling"
"deng xz, 2017, j clean prod","c3",32,0.07752450147476,2017,"Management of trade-offs between cultivated land conversions and land productivity in shandong province","Journal Of Cleaner Production"
"ramachandra tv, 2016, egypt j remote sens","c3",8,0.07752450147476,2016,"Stimulus of developmental projects to landscape dynamics in uttara kannada, central western ghats","Egyptian Journal Of Remote Sensing And Space Sciences"
"jiao wj, 2016, sustainability-basel","c3",11,0.101250773375766,2016,"Socio-ecological adaptation of agricultural heritage systems in modern china: three cases in qingtian county, zhejiang province","Sustainability"
"burgin s, 2016, wetlands","c3",8,0.071593699700712,2016,"Wetland loss in the transition to urbanisation: a case study from western sydney, australia","Wetlands"
"liu yf, 2016, ecol indic","c3",9,0.204528138358918,2016,"Integrating the spatial proximity effect into the assessment of changes in ecosystem services for biodiversity conservation","Ecological Indicators"
"trolard f, 2016, j environ manage","c3",6,0.0611700560358109,2016,"The precos framework: measuring the impacts of the global changes on soils, water, agriculture on territories to better anticipate the future","Journal Of Environmental Management"
"majdalawi mi, 2016, int j sust dev world","c3",5,0.0611700560358109,2016,"Integration of different environmental valuation methods to estimate forest degradation in arid and semi-arid regions","International Journal Of Sustainable Development And World Ecology"
"peng j, 2016, appl geogr","c3",46,0.101250773375766,2016,"Spatial identification of multifunctional landscapes and associated influencing factors in the beijing-tianjin-hebei region, china","Applied Geography"
"clerici n, 2016, forests","c3",18,0.101732296324146,2016,"Estimating aboveground biomass and carbon stocks in periurban andean secondary forests using very high resolution imagery","Forests"
"pullanikkatil d, 2016, phys chem earth","c3",19,0.144333993133434,2016,"Land use/land cover change and implications for ecosystems services in the likangala river catchment, malawi","Physics And Chemistry Of The Earth"
"wang m, 2016, environ monit assess","c3",13,0.30053656388892,2016,"Potential impact of land use change on ecosystem services in china","Environmental Monitoring And Assessment"
"han z, 2016, energies","c3",28,0.071593699700712,2016,"Responses of ecosystem service to land use change in qinghai province","Energies"
"napieralski ja, 2016, appl geogr","c3",18,0.071593699700712,2016,"Urban stream deserts: mapping a legacy of urbanization in the united states","Applied Geography"
"vannier c, 2016, cybergeo","c3",9,0.101732296324146,2016,"Patterns of landscape change in a rapidly urbanizing mountain region","Cybergeo-European Journal Of Geography"
"he cy, 2016, environ modell softw","c3",88,0.758073981258459,2016,"Assessing the potential impacts of urban expansion on regional carbon storage by linking the lusd-urban and invest models","Environmental Modelling & Software"
"de la barrera f, 2016, urban for urban gree","c3",18,0.071593699700712,2016,"The value of vegetation cover for ecosystem services in the suburban context","Urban Forestry & Urban Greening"
"ning j, 2015, chinese geogr sci","c3",10,0.30053656388892,2015,"Spatio-temporal characteristics of disturbance of land use change on major ecosystem function zones in china","Chinese Geographical Science"
"chen mq, 2015, land use policy","c3",22,0.268360011946737,2015,"Drivers of changes in ecosystem service values in ganjiang upstream watershed","Land Use Policy"
"ai jy, 2015, front earth sci-prc","c3",12,0.125152159394497,2015,"Analyzing the spatial patterns and drivers of ecosystem services in rapidly urbanizing taihu lake basin of china","Frontiers Of Earth Science"
"cheng xy, 2015, j urban plan dev","c3",32,0.129750157439366,2015,"Influence of park size and its surrounding urban landscape patterns on the park cooling effect","Journal Of Urban Planning And Development"
"wu m, 2015, environ manage","c3",24,0.268360011946737,2015,"A coupled sd and clue-s model for exploring the impact of land use change on ecosystem service value: a case study in baoshan district, shanghai, china","Environmental Management"
"wang me, 2015, ecotox environ safe","c3",6,0.683743247014858,2015,"Effects of land use intensity on the natural attenuation capacity of urban soils in beijing, china","Ecotoxicology And Environmental Safety"
"rodriguez-rodriguez d, 2015, futures","c3",11,0.125152159394497,2015,"Urban self-sufficiency through optimised ecosystem service demand. a utopian perspective from european cities","Futures"
"estes mg, 2015, j am water resour as","c3",6,0.07752450147476,2015,"A modeling system to assess land cover land use change effects on sav habitat in the mobile bay estuary","Journal Of The American Water Resources Association"
"staley dc, 2015, int j low-carbon tec","c3",2,0.07752450147476,2015,"Urban forests and solar power generation: partners in urban heat island mitigation","International Journal Of Low-Carbon Technologies"
"li j, 2015, int j global warm","c3",0,0.392752698785513,2015,"Examining the potential impact of land use/cover changes on the npp ecosystem services of yan'an region of china: a scenario-based analysis","International Journal Of Global Warming"
"fruh-muller a, 2015, reg environ change","c3",15,0.0281543337939976,2015,"Flood exposure and settlement expansion since pre-industrial times in 1850 until 2011 in north bavaria, germany","Regional Environmental Change"
"zhou kh, 2014, cities","c3",33,0.101732296324146,2014,"Urban dynamics, landscape ecological security, and policy implications: a case study from the wuhan area of central china","Cities"
"luo j, 2014, front earth sci-prc","c3",10,0.07752450147476,2014,"An equilibrium analysis of the land use structure in the yunnan province, china","Frontiers Of Earth Science"
"gao y, 2014, j urban plan dev","c3",9,0.306449953902063,2014,"Clustering urban multifunctional landscapes using the self-organizing feature map neural network model","Journal Of Urban Planning And Development"
"qi zf, 2014, stoch env res risk a","c3",30,0.645130561110984,2014,"Land fragmentation and variation of ecosystem services in the context of rapid urbanization: the case of taizhou city, china","Stochastic Environmental Research And Risk Assessment"
"lin yc, 2013, ecol indic","c3",26,0.0281543337939976,2013,"Assessing the environmental impacts of high-altitude agriculture in taiwan: a driver-pressure-state-impact-response (dpsir) framework and spatial emergy synthesis","Ecological Indicators"
"cai yb, 2013, environ monit assess","c3",26,0.268360011946737,2013,"Land use pattern, socio-economic development, and assessment of their impacts on ecosystem service value: study on natural wetlands distribution area (nwda) in fuzhou city, southeastern china","Environmental Monitoring And Assessment"
"merlin-uribe y, 2013, j environ plann man","c3",23,0.071593699700712,2013,"Urban expansion into a protected natural area in mexico city: alternative management scenarios","Journal Of Environmental Planning And Management"
"wu ky, 2013, cities","c3",127,0.645130561110984,2013,"Impacts of land use/land cover change and socioeconomic development on regional ecosystem services: the case of fast-growing hangzhou metropolitan area, china","Cities"
"estoque rc, 2012, appl geogr","c3",81,0.936342549509179,2012,"Examining the potential impact of land use/cover changes on the ecosystem services of baguio city, the philippines: a scenario-based analysis","Applied Geography"
"vackar d, 2011, reg environ change","c3",14,0.0230583580229991,2011,"Human appropriation of aboveground photosynthetic production in the czech republic","Regional Environmental Change"
"escobedo f, 2010, environ sci policy","c3",108,0.0611700560358109,2010,"Analyzing the efficacy of subtropical urban forests in offsetting carbon emissions from cities","Environmental Science & Policy"
"vauramo s, 2010, landscape urban plan","c3",17,0.125152159394497,2010,"Urban belowground food-web responses to plant community manipulation -impacts on nutrient dynamics","Landscape And Urban Planning"
"li th, 2010, ecol econ","c3",178,0.563141398010151,2010,"Variations in ecosystem service value in response to land use changes in shenzhen","Ecological Economics"
"price sj, 2010, z dtsch ges geowiss","c3",16,0.0281543337939976,2010,"The 3d characterisation of the zone of human interaction and the sustainable use of underground space in urban and peri-urban environments: case studies from the uk","Zeitschrift Der Deutschen Gesellschaft Fur Geowissenschaften"
"townsend pa, 2009, remote sens environ","c3",149,0.101732296324146,2009,"Changes in the extent of surface mining and reclamation in the central appalachians detected using a 1976-2006 landsat time series","Remote Sensing Of Environment"
"dogru ao, 2009, fresen environ bull","c3",8,0.178511912055202,2009,"A change detection analysis in the izmir bird paradise: integration of remote sensing and geographic information system","Fresenius Environmental Bulletin"
"amundson r, 2003, ecosystems","c3",71,0.07752450147476,2003,"Soil diversity and land use in the united states","Ecosystems"
"zhang l, 2017, biol conserv","c3c4",56,0.537393792277831,2017,"Biodiversity conservation status in china's growing protected areas","Biological Conservation"
"souza sr, 2020, geojournal","c4",1,0.543366928828634,2020,"Are urban springs really protected in municipal management? One experience in sorocaba, brazil","Geojournal"
"guenat s, 2019, j appl ecol","c4",17,0.543366928828634,2019,"Effects of urbanisation and management practices on pollinators in tropical africa","Journal Of Applied Ecology"
"barrico l, 2018, urban for urban gree","c4",5,0.543366928828634,2018,"Plant and microbial biodiversity in urban forests and public gardens: insights for cities' sustainable development","Urban Forestry & Urban Greening"
"perkins mj, 2015, estuar coast shelf s","c4",53,0.543366928828634,2015,"Conserving intertidal habitats: what is the potential of ecological engineering to mitigate impacts of coastal structures?","Estuarine Coastal And Shelf Science"
